,Word,Audio,Pronunciation,Predicted_Pronunciation,Result,Levenshtein,Pos
0,peach,561_0.wav,ˈpitʃ,pitʃ,True,1,verb
1,tuso,514_0.wav,tuso,pluso,False,2,adjective
2,Chư A Thai,1099_0.wav,cɯ˧˥ a˧˥ tʰaj˧˥,ataj,True,11,noun
3,〇,1622_0.wav,maɾɯ,ma,True,2,noun
4,Utility,1042_0.wav,ˈʔuːtility,jutli,False,6,noun
5,bangun,172_0.wav,baŋun,baŋun,True,0,adjective
6,mirigi,698_0.wav,mirigi,mi,False,4,noun
7,abocina,990_0.wav,aβoθina,aoina,True,2,adjective
8,朗らか,77_0.wav,hogaɾaka,oaka,False,4,adjective
9,abattage,1088_0.wav,abataʒ,abataʒ,True,0,noun
10,ababillaba,1641_0.wav,aβaβiʎaβa,aia,False,6,noun
11,尕驴儿,1133_0.wav,ka˨˩˦ ly˧˥ aɻ˧,kala,False,10,noun
12,aninoasa,958_0.wav,aninŏasa,aninasa,True,1,noun
13,亚麻,1554_0.wav,ja˥˩ ma˧˥,jama,True,5,noun
14,lojala,445_0.wav,loiala,loiala,True,0,adjective
15,anagrama,730_0.wav,anaɡrama,anaɡama,True,1,noun
16,甘い,353_0.wav,amai,amai,True,0,adjective
17,sinis,213_0.wav,sinis,sinis,True,0,adjective
18,bleak,519_0.wav,ˈbɫik,puik,False,3,adjective
19,muĝi,1606_0.wav,mud͡ʒi,mudʒi,True,1,verb
20,berbicara,7_0.wav,bərbitʃara,bəbitʃa,False,3,verb
21,화상,139_0.wav,ɸwa̠sʰa̠ŋ,asaŋ,False,5,verb
22,formulierbar,1258_0.wav,fɔɾmuliːɾˈbaɽ,fomuliba,False,6,
23,Abhang,917_0.wav,ˈʔapˌhaŋ,apam,False,5,noun
24,미끼,425_0.wav,mik͈i,miki,True,1,verb
25,آله,1441_0.wav,aːlahu,al,False,4,noun
26,rayu,1396_0.wav,raju,au,False,2,noun
27,asasini,986_0.wav,asasinʲ,asasin,True,1,noun
28,nada,576_0.wav,nada,nada,True,0,verb
29,シニカル,212_0.wav,ɕinikaɾɯ,inika,True,3,adjective
30,bất hòa giải,814_0.wav,bɤ̆k˦˥ hwa˦˨ jaj˧˩˨,bwajaj,False,13,noun
31,静か,174_0.wav,ɕizɯka,izka,True,2,adjective
32,cleve,317_0.wav,ˈkɫiv,ki,False,3,verb
33,ordo,1387_0.wav,ordo,odo,True,1,noun
34,みず菜,1215_0.wav,mizɯna,mizna,True,1,noun
35,macru,1634_0.wav,makru,maku,True,1,noun
36,いらか段,997_0.wav,iɾakadaɴ,iakada,True,2,noun
37,好整以暇,1415_0.wav,xɑʊ˥˩ ʈʂɤŋ˨˩˦ i˨˩˦ ɕja˧˥,ataŋija,False,20,verb
38,实地勘查,1575_0.wav,ʂɚ˧˥ ti˥˩ kʰan˥˥ ʈʂʰa˧˥,tikana,True,17,verb
39,ミリ,1540_0.wav,miɾi,mi,False,2,noun
40,påskina,1213_0.wav,²p'oːɧiːna,poina,True,5,noun
41,Tierart,1492_0.wav,ˈtiːɾaɾt,tiat,True,4,noun
42,akromata,941_0.wav,akromata,akmata,False,2,adjective
43,hukum,147_0.wav,hukum,ukum,True,1,adjective
44,andilau,860_0.wav,andilau,andilau,True,0,noun
45,마일,682_0.wav,ma̠iɭ,mai,True,2,noun
46,amir,1626_0.wav,amiɾ,api,False,2,noun
47,귀의,203_0.wav,kɥiɰi,kɥi,False,2,adjective
48,bagus,218_0.wav,bagus,baus,True,1,adjective
49,pli fajna,538_0.wav,pli faina,plifaina,True,1,adjective
50,발휘하다,482_0.wav,pa̠ɾɦɥiɦa̠da̠,paiada,False,7,verb
51,cheat,106_0.wav,ˈtʃit,tʃit,True,1,verb
52,karut,312_0.wav,karut,kaut,True,1,verb
53,희망,280_0.wav,çima̠ŋ,imaŋ,True,2,verb
54,bifurca,821_0.wav,bifurka,bifuka,True,1,noun
55,a bàng,774_0.wav,a˧˥ baŋ˦˨,abaŋ,True,5,noun
56,muara,640_0.wav,muara,mua,False,2,noun
57,반란,231_0.wav,pa̠ɭɭa̠n,pan,False,5,adjective
58,akan,29_0.wav,akan,akan,True,0,verb
59,sovaĝa,200_0.wav,sovad͡ʒa,sovadʒa,True,1,adjective
60,发展,1377_0.wav,fa˥˥ ʈʂan˨˩˦,fadan,False,8,verb
61,repeat,48_0.wav,ɹiˈpit,pit,False,3,verb
62,파리,108_0.wav,pʰa̠ɾi,pai,True,3,adjective
63,miau,1620_0.wav,mjau,miau,False,1,noun
64,가이단,1505_0.wav,ka̠ida̠n,kaidan,True,2,verb
65,aliman,1431_0.wav,aliman,aliman,True,0,noun
66,bidouilla,773_0.wav,biduja,binuja,False,1,noun
67,boudina,1140_0.wav,budina,budina,True,0,noun
68,أودينيزي,1371_0.wav,ʔuːdiːniːziː,udinizi,True,5,noun
69,führt,527_0.wav,ˈfyɾt,flt,False,3,verb
70,trandafiriu,1281_0.wav,trandafiriw,tandafi,False,4,adjective
71,lipat,394_0.wav,lipat,lipat,True,0,adjective
72,반란,479_0.wav,pa̠ɭɭa̠n,pan,False,5,verb
73,abréviasi,1659_0.wav,abreviasi,abfiasi,False,3,noun
74,深い,430_0.wav,ɸɯkai,kai,True,2,adjective
75,akapari,1598_0.wav,akapari,akapai,True,1,noun
76,nữ phi hành gia,960_0.wav,nɯ˧˩˨ fi˧˥ han˦˨ ja˧˥,nfianja,True,14,noun
77,Saurbæ,1564_0.wav,sœirpai,sapai,False,3,noun
78,말단,458_0.wav,ma̠ɭda̠n,mata,False,5,adjective
79,bobina,1000_0.wav,bobina,bobina,True,0,noun
80,갈강이다,1149_0.wav,ka̠ɭɡa̠ŋida̠,kaɡaŋida,True,4,noun
81,こだま,894_0.wav,kodama,oama,False,2,noun
82,무모,529_0.wav,mumo̞,mumo,True,1,adjective
83,fortika,266_0.wav,fortika,fotika,True,1,adjective
84,abatían,1491_0.wav,aβaˈtian,atian,False,3,verb
85,bodoh,273_0.wav,bodoh,bodo,True,1,adjective
86,가극,767_0.wav,ka̠ɡɯk̚,kaɡ,False,4,noun
87,dorno,586_0.wav,dorno,dono,True,1,verb
88,자극하다,405_0.wav,t͡ɕa̠ɡɯkʰa̠da̠,taɡkada,True,7,adjective
89,あぶり出し,1325_0.wav,abɯɾidaɕi,abidai,True,3,noun
90,bodi,1512_0.wav,bodi,bodi,True,0,noun
91,adakala,1011_0.wav,adakala,adakala,True,0,noun
92,hồng y giáo chủ,1037_0.wav,hoŋ͡m˦˨ i˧˥ jaw˩˧ cu˧˩˨,amijawu,False,17,noun
93,고립하다,1385_0.wav,ko̞ɾipʰa̠da̠,koipada,True,5,noun
94,abjadiah,1254_0.wav,abdʒadiah,adʒadia,False,2,adjective
95,bergairah,131_0.wav,bərgairah,bəa,False,6,adjective
96,대답하다,645_0.wav,tɛ̝da̠pʰa̠da̠,tɛdapada,True,5,noun
97,Tori,1314_0.wav,ˈtoːɾi,toi,True,3,noun
98,آحيني,740_0.wav,aːħiːnijj,ainaij,False,5,noun
99,ＮＡＳＡ,1612_0.wav,nasa,nasa,True,0,noun
100,motivasi,201_0.wav,motivasi,mətifasi,False,2,verb
101,괴롭히다,36_0.wav,kø̞ɾo̞pʰida̠,kopida,False,6,adjective
102,abrakadabra,1280_0.wav,abrakadabra,abakadaba,True,2,noun
103,ぴったり,3_0.wav,pitːaɾi,pitai,True,2,adjective
104,paú,923_0.wav,paˈu,pau,True,1,noun
105,iri,890_0.wav,iri,i,False,2,noun
106,수로,343_0.wav,sʰuɾo̞,so,False,4,adjective
107,wazir,392_0.wav,wazir,wazi,True,1,adjective
108,아빠,559_0.wav,a̠p͈a̠,apa,True,3,verb
109,개다시마,1497_0.wav,kɛ̝da̠ɕʰima̠,kidaima,False,6,adjective
110,ハイファイ,669_0.wav,haiɸai,aiai,True,2,noun
111,abau,749_0.wav,abau,abau,True,0,noun
112,prasarana,905_0.wav,prasarana,pasana,False,3,noun
113,蜡烛,1410_0.wav,la˥˩ ʈʂu˧˥,lau,True,7,noun
114,antinazis,1328_0.wav,ɑ̃tinazi,ɑ̃tinazi,True,0,noun
115,柳,626_0.wav,janagi,janai,True,1,noun
116,razi,477_0.wav,razi,aʒi,False,2,verb
117,An Quảng Hữu,875_0.wav,aŋ˧˥ waŋ˧˩˨ hɯw˧˩˨,aŋwaŋw,True,12,noun
118,bayam,1496_0.wav,bajam,bajam,True,0,verb
119,밝히다,141_0.wav,pa̠ɭkçida̠,pakida,True,4,verb
120,大地,898_0.wav,ta˥˩ ti˥˩,tati,True,5,noun
121,부담하다,109_0.wav,puda̠mɦa̠da̠,pudanada,False,5,verb
122,manusia,592_0.wav,manusia,mausia,False,1,adjective
123,不敌,1394_0.wav,pu˥˩ ti˧˥,puti,True,5,verb
124,빨아들이다,151_0.wav,p͈a̠ɾa̠dɯɾida̠,pauida,False,9,adjective
125,汚い,332_0.wav,kitanai,ktanai,False,1,adjective
126,fumaĵi,1081_0.wav,fumaʒi,fumaʒi,True,0,verb
127,disepakati,339_0.wav,disəpakati,disəpakati,True,0,adjective
128,Humor,1610_0.wav,ˈhuːmoɾ,umo,True,4,noun
129,えぞ鹿,1245_0.wav,ezoɕika,ezoika,True,1,noun
130,celanaku,1271_0.wav,tʃəlanaku,tʃəlanaku,True,0,noun
131,awam,96_0.wav,awam,awam,True,0,verb
132,다수,493_0.wav,ta̠sʰu,tasu,True,2,verb
133,bivaki,1074_0.wav,bivaki,bivaki,True,0,verb
134,dihadiri,1429_0.wav,dihadiri,diadi,False,3,verb
135,applaudira,1067_0.wav,aplodiʁa,akldiʁa,False,2,noun
136,korala,1640_0.wav,korala,koala,True,1,adjective
137,おいた,1633_0.wav,oita,oita,True,0,noun
138,储蓄,1375_0.wav,ʈʂʰu˧˥ ɕy˥˩,u,False,10,noun
139,abarataba,1342_0.wav,aβaɾataβa,ata,False,6,verb
140,얇은,357_0.wav,ja̠ɭbɯn,jabn,True,3,verb
141,makadam,1221_0.wav,makad'amː,maka,False,5,noun
142,mengawasi,86_0.wav,məŋawasi,məŋawasi,True,0,verb
143,stabila,39_0.wav,stabila,sabila,False,1,adjective
144,boroș,1346_0.wav,boroʃ,boʃ,False,2,noun
145,chicharraban,1503_0.wav,tʃitʃaraβan,titan,False,6,verb
146,ciocoiu,1059_0.wav,tʃ̩okojw,tʃokou,False,3,verb
147,栅栏,611_0.wav,ʈʂa˥˩ lan˧˥,talan,False,7,noun
148,giorno,1169_0.wav,dʒ̩orno,dʒono,True,2,noun
149,buriu,1405_0.wav,buriw,buiu,False,2,adjective
150,abajaría,1358_0.wav,aβaxaˈɾia,aia,False,6,verb
151,mangachapuy,1209_0.wav,maŋgatʃapuj,manatʃaui,False,4,verb
152,affalâmes,866_0.wav,afalam,afam,False,2,noun
153,話し,505_0.wav,hanaɕi,anai,True,2,verb
154,치료하다,400_0.wav,t͡ɕʰiɾjoɦa̠da̠,tioada,False,8,verb
155,Euthanasie,1192_0.wav,ɔɪ̯tanaˈziː,atanazi,False,5,noun
156,rapida,714_0.wav,rapida,apida,True,1,noun
157,origini,254_0.wav,origini,oini,False,3,verb
158,弹无虚发,1008_0.wav,tan˥˩ u˧˥ ɕy˥˥ fa˥˥,taufa,False,14,noun
159,diapir,851_0.wav,diapir,diapi,True,1,noun
160,plead,116_0.wav,ˈpɫid,kid,False,3,verb
161,أقتني,819_0.wav,ʔaqqataniː,atuni,False,6,noun
162,capiau,1386_0.wav,tʃapiau,kapiau,False,2,noun
163,brucita,920_0.wav,bɾuθita,buita,True,2,verb
164,cara,513_0.wav,tʃara,tʃa,False,2,verb
165,가각히,914_0.wav,ˈka̠ːɡa̠kçi,kaki,False,7,noun
166,accaparas,1190_0.wav,akapaʁa,akapaʁa,True,0,noun
167,mabuk,472_0.wav,mabuʔ,mabu,True,1,verb
168,笑う,644_0.wav,ɰᵝaɾaɯ,a,False,5,noun
169,갓난아이,763_0.wav,ka̠nna̠na̠i,kananai,False,4,noun
170,さっ果,1398_0.wav,sakːa,saka,True,1,noun
171,그리다,467_0.wav,kɯɾida̠,kuida,False,3,verb
172,fobia,1050_0.wav,fobia,fobia,True,0,noun
173,honorarii,748_0.wav,honorarii,onoai,False,4,noun
174,babau,882_0.wav,babaw,babaw,True,0,adjective
175,bải hoải bài hoài,824_0.wav,baj˧˩˨ hwaj˧˩˨ baj˦˨ hwaj˦˨,bajwawajwaj,False,17,verb
176,Akku,1534_0.wav,ˈʔaku,aku,True,2,noun
177,下午,1476_0.wav,ɕja˥˩ u˨˩˦,jau,True,7,noun
178,abadiah,1616_0.wav,abadiah,abadia,True,1,noun
179,예측하다,90_0.wav,je̞t͡ɕʰɯkʰa̠da̠,nitkada,False,10,verb
180,bibi,1307_0.wav,bibi,bibi,True,0,noun
181,naiva,272_0.wav,naiva,naiva,True,0,adjective
182,blóðgjafa,816_0.wav,plouðcava,plouava,True,2,noun
183,trik,893_0.wav,triʔ,təi,False,2,noun
184,bacșiș,1567_0.wav,bakʃiʃ,bakʃiʃ,True,0,noun
185,쉬파리,1447_0.wav,ʃʰɥipʰa̠ɾi,ʃipai,False,5,verb
186,天下无敌,1602_0.wav,tʰjɛn˥˥ ɕja˥˩ u˧˥ ti˧˥,tauti,False,17,adjective
187,weepy,552_0.wav,ˈwipi,wipi,True,1,adjective
188,토하다,470_0.wav,tʰo̞ɦa̠da̠,oada,False,6,verb
189,파티,262_0.wav,pʰa̠tʰi,pakti,False,3,adjective
190,griv,924_0.wav,ɡriv,bɡi,False,3,adjective
191,chirusa,1551_0.wav,tʃiɾusa,tiusa,False,2,verb
192,boucana,743_0.wav,bukana,buka,False,2,noun
193,cărturarii,957_0.wav,kərturarij,katuai,False,5,noun
194,آسيا,1095_0.wav,aːsiːaː,asia,True,3,noun
195,komika,424_0.wav,komika,komika,True,0,adjective
196,halangan,382_0.wav,halaŋan,alaŋan,True,1,verb
197,buai,1312_0.wav,buai,buai,True,0,noun
198,acaju,1062_0.wav,akaʒu,akaʒu,True,0,verb
199,buziaș,907_0.wav,buzijaʃ,buziaʃ,False,1,adjective
200,perjalanan,417_0.wav,pərdʒalanan,pəʒalanan,False,2,verb
201,kaŝi,1175_0.wav,kaʃi,kaʃi,True,0,verb
202,cinabru,855_0.wav,tʃinabru,tʃinabu,True,1,noun
203,cañí,1374_0.wav,kaˈɲi,kaɲi,True,1,noun
204,Japan,618_0.wav,ˈjaːpan,japan,True,2,noun
205,duplikati,1404_0.wav,duplikati,diuplikati,False,1,adjective
206,속이다,54_0.wav,sʰo̞ɡida̠,soɡida,True,3,adjective
207,baru,577_0.wav,baru,bau,True,1,adjective
208,bigamie,1270_0.wav,bigami,biami,True,1,adjective
209,가름,1453_0.wav,ka̠ɾɯm,ka,False,4,verb
210,tatapan,376_0.wav,tatapan,tatapan,True,0,verb
211,آتزر,1026_0.wav,aːtazir,ai,False,5,verb
212,小さい,67_0.wav,tɕiisai,isai,False,3,adjective
213,annan,764_0.wav,²'anːan,anan,True,3,adjective
214,비싸다,447_0.wav,pis͈a̠da̠,pisada,True,3,adjective
215,가결의하다,1636_0.wav,ˈka̠ːɡjʌ̹ɾɰiɦa̠da̠,kaɡjaiada,False,10,noun
216,afum,906_0.wav,afum,afu,False,1,noun
217,亚麻布,915_0.wav,ja˥˩ ma˧˥ pu˥˩,jamapu,True,8,noun
218,慕う,523_0.wav,ɕitaɯ,ita,True,2,verb
219,beliau,1005_0.wav,bəliau,bəliau,True,0,noun
220,cheap,443_0.wav,ˈtʃip,tʃip,True,1,adjective
221,Fíat,1243_0.wav,fiːjat,fiat,False,2,noun
222,batí,1031_0.wav,baˈti,bai,False,2,noun
223,방황하다,259_0.wav,pa̠ŋβwa̠ŋɦa̠da̠,pamaŋada,False,8,verb
224,giratar,1260_0.wav,dʒiratar,dʒiata,True,2,noun
225,Pirat,1427_0.wav,piˈʁaːt,piat,False,3,noun
226,agamaku,836_0.wav,agamaku,amaku,False,2,noun
227,أدبك,878_0.wav,ʔaddabaka,adaba,False,4,noun
228,påkalla,1265_0.wav,²p'oːkalːa,pokala,True,4,verb
229,下雨,1173_0.wav,ɕja˥˩ y˨˩˦,a,False,9,verb
230,chí tái chí tam,1208_0.wav,ci˩˧ taj˩˧ ci˩˧ tam˧˥,iaitam,False,15,noun
231,bau,260_0.wav,bau,bau,True,0,verb
232,의존하다,247_0.wav,ɰid͡ʑo̞nɦa̠da̠,idonada,True,7,verb
233,mía,896_0.wav,ˈmia,mia,True,1,noun
234,사나이,148_0.wav,sʰa̠na̠i,sanai,True,3,adjective
235,terkulai,466_0.wav,tərkulai,əkulai,False,2,verb
236,ĉirkaŭ,612_0.wav,t͡ʃirkau,tʃikau,True,2,noun
237,ＧＡＢＡ,1538_0.wav,gjaba,ama,False,3,noun
238,横たわる,340_0.wav,jokotaɰᵝaɾɯ,jokta,False,6,verb
239,Kanada,859_0.wav,ˈkanada,kada,False,3,noun
240,얕은,245_0.wav,ja̠tʰɯn,jatn,True,3,adjective
241,acumularea,1286_0.wav,akumularĕa,auma,False,6,noun
242,儿媳妇儿,1466_0.wav,aɻ˧˥ ɕi˧˥ fu˧ aɻ˧,afua,False,13,noun
243,가득히,1249_0.wav,ka̠dɯkçi,kadki,True,3,noun
244,retrieve,224_0.wav,ɹiˈtɹiv,i,False,6,verb
245,곱하다,120_0.wav,ko̞pʰa̠da̠,kopada,True,4,verb
246,가기하다,723_0.wav,ka̠ɡiɦa̠da̠,kaɡiada,True,4,verb
247,胡子拉碴,1329_0.wav,xu˧˥ tsɯ˧ la˥˥ ʈʂʰa˥˥,usla,False,17,noun
248,ＣＰ,1539_0.wav,ɕiːpiː,ipi,True,3,noun
249,puŝi,346_0.wav,puʃi,puʃi,True,0,verb
250,biadi,768_0.wav,biadi,biadi,True,0,noun
251,마수,263_0.wav,ma̠sʰu,masu,True,2,adjective
252,bajingan,535_0.wav,badʒiŋan,badʒiŋan,True,0,verb
253,porno,1577_0.wav,porno,pono,True,1,noun
254,이상,609_0.wav,isʰa̠ŋ,isaŋ,True,2,noun
255,serigala,661_0.wav,sərigala,siala,False,3,noun
256,humila,303_0.wav,humila,umila,True,1,adjective
257,bruñí,902_0.wav,bɾuˈɲi,bɲi,False,3,noun
258,abdicaba,1637_0.wav,aβðikaβa,aika,False,4,verb
259,أنغليكاني,787_0.wav,ʔanɣliːkaːnijj,anlikanaij,False,6,noun
260,하프,555_0.wav,ha̠pʰɯ,ap,True,4,verb
261,ramai,128_0.wav,ramai,amai,True,1,adjective
262,통과하다,179_0.wav,tʰo̞ŋɡwa̠ɦa̠da̠,toŋɡwada,False,7,verb
263,알다,590_0.wav,a̠ɭda̠,ada,True,3,verb
264,a la hán,1001_0.wav,a˧˥ la˧˥ haŋ˩˧,alaŋ,False,10,adjective
265,시합,589_0.wav,ɕʰiɦa̠p̚,ia,False,6,verb
266,花花绿绿,1603_0.wav,xwa˥˥ xwa˥˥ ly˥˩ ly˥˩,wawaly,False,15,adjective
267,أخصائي,947_0.wav,ʔaxisˤˤaːʔijj,saij,False,9,noun
268,동그라미,1237_0.wav,to̞ŋɡɯɾa̠mi,toŋami,False,5,noun
269,大胆,474_0.wav,ta˥˩ tan˨˩˦,tatan,True,6,verb
270,失う,72_0.wav,ɯɕinaɯ,sina,False,3,verb
271,가감은휘,1223_0.wav,ka̠ɡa̠mɯnɦɥi,kaɡamni,False,5,noun
272,bilis,1129_0.wav,bilis,bilis,True,0,adjective
273,媳妇儿,1085_0.wav,ɕi˧˥ fu˧ aɻ˧,ifa,False,9,noun
274,الأباجور,1156_0.wav,aːlʔabaːdʒuːr,alabadʒu,True,5,noun
275,ingat,40_0.wav,iŋat,iŋat,True,0,verb
276,不寒而栗,761_0.wav,pu˥˩ xan˧˥ aɻ˧˥ li˥˩,puali,False,15,verb
277,Abruf,985_0.wav,ˈʔapˌɾuːf,apu,False,6,noun
278,Kakadu,857_0.wav,ˈkakaˌduː,kakalu,False,4,noun
279,부족하다,122_0.wav,pud͡ʑo̞kʰa̠da̠,pudokada,True,6,verb
280,가와사끼 시,910_0.wav,ka̠wa̠sʰa̠k͈i ɕʰi,kasaki,False,11,noun
281,낙하산,282_0.wav,na̠kʰa̠sʰa̠n,nakasan,True,5,verb
282,モットー,657_0.wav,motːoː,moto,True,2,noun
283,ba-xí ba-tú,1069_0.wav,ba˧˥-si˩˧ ba˧˥-tu˩˧,basibatu,True,11,noun
284,utama,565_0.wav,utama,,False,5,adjective
285,お久,863_0.wav,oçisa,oisa,True,1,noun
286,これと言った,1197_0.wav,koɾetoitːa,koetoita,True,2,verb
287,吐き出す,600_0.wav,hakidasɯ,kakias,False,3,noun
288,berbagai,68_0.wav,bərbagai,bəbai,False,3,adjective
289,bahaduri,1499_0.wav,bahaduri,badui,False,3,adjective
290,samaran,607_0.wav,samaran,saman,False,2,noun
291,béatifie,1356_0.wav,beatifi,beatfi,False,1,adjective
292,sease,349_0.wav,ˈsiz,sis,False,2,verb
293,abarrotaba,867_0.wav,aβarotaβa,ata,False,6,verb
294,미라,162_0.wav,miɾa̠,mida,False,2,adjective
295,疑う,511_0.wav,ɯtagaɯ,ta,False,4,verb
296,atacuri,1075_0.wav,atakurʲ,ataku,True,2,noun
297,equivalí,1218_0.wav,ekiβaˈli,ekali,False,3,verb
298,６日,1366_0.wav,mɯika,mika,True,1,noun
299,귤피,1592_0.wav,kjuɭpʰi,kupi,False,3,noun
300,bền gan vững chí,823_0.wav,ben˦˨ ɣaŋ˧˥ jɯŋ˧˩˨ ci˩˧,beaŋi,False,18,noun
301,おしゃまさん,1630_0.wav,oɕamasaɴ,oasa,False,4,noun
302,timigi,291_0.wav,timigi,timi,False,2,verb
303,affabulâmes,1419_0.wav,afabylam,afabylam,True,0,noun
304,dijaga,336_0.wav,didʒaga,bidʒa,False,3,verb
305,不遗余力,1639_0.wav,pu˥˩ i˧˥ y˧˥ li˥˩,puili,False,12,adjective
306,navigi,327_0.wav,navigi,navi,False,2,verb
307,lojala,677_0.wav,loiala,loiala,True,0,noun
308,가시관,1240_0.wav,ka̠ɕʰiɡwa̠n,kaiɡan,False,5,noun
309,或いは,689_0.wav,aɾɯiha,aia,True,3,noun
310,imagi,1274_0.wav,imagi,imai,True,1,verb
311,비싼,209_0.wav,pis͈a̠n,pisan,True,2,adjective
312,玉玺,1528_0.wav,y˥˩ ɕi˨˩˦,i,False,8,noun
313,騒がしい,278_0.wav,saɰᵝagaɕii,sai,False,7,adjective
314,真っ赤,695_0.wav,makːa,maka,True,1,noun
315,أرناوطي,1224_0.wav,ʔarnaːwutˤijj,anawutij,False,5,noun
316,biara,356_0.wav,biara,bia,False,2,verb
317,引っ張る,220_0.wav,çipːaɾɯ,ipa,True,4,verb
318,流す,451_0.wav,nagasɯ,nas,False,3,verb
319,akar,579_0.wav,akar,aka,True,1,verb
320,tuko,463_0.wav,tuko,tluko,False,1,verb
321,pedagogia,330_0.wav,pedagogia,pedaoia,True,2,adjective
322,哈哈儿,1017_0.wav,xa˥˥ xa˧ aɻ˧,a,False,11,noun
323,إدواردو,726_0.wav,ʔidwaːrduː,aldiadu,False,6,noun
324,kemilau,469_0.wav,kəmilau,kəmilau,True,0,verb
325,akui,1126_0.wav,akui,akui,True,0,noun
326,파노라마,296_0.wav,pʰa̠no̞ɾa̠ma̠,paŋama,False,8,adjective
327,budianu,751_0.wav,budijanu,buijanlu,False,2,noun
328,Árný,737_0.wav,aurni,ani,False,2,noun
329,カラス,675_0.wav,kaɾasɯ,kas,False,3,noun
330,diubah,248_0.wav,diubah,diuba,True,1,verb
331,acapullaba,1490_0.wav,akapuʎaβa,akapua,False,3,verb
332,figura,762_0.wav,figura,fiua,True,2,noun
333,취하다,57_0.wav,t͡ɕʰɥiɦa̠da̠,iada,False,8,verb
334,동의하다,101_0.wav,to̞ŋɰiɦa̠da̠,toŋiada,True,5,verb
335,喇叭裤,1556_0.wav,la˨˩˦ pa˧ kʰu˥˩,lapaku,True,9,noun
336,larĝa,274_0.wav,lard͡ʒa,ladʒa,True,2,adjective
337,ハスキー,696_0.wav,hasɯkiː,aski,True,3,noun
338,ĉina,1228_0.wav,t͡ʃina,tʃina,True,1,adjective
339,上がる,632_0.wav,agaɾɯ,a,False,4,noun
340,aga,1533_0.wav,aɡa,aba,False,1,noun
341,bardagann,946_0.wav,partaɣan,patan,False,3,noun
342,menghargai,84_0.wav,məŋhargai,məŋai,False,4,verb
343,사기,348_0.wav,sʰa̠ɡi,saɡi,True,2,adjective
344,어울리다,24_0.wav,ʌ̹uɭʎida̠,uida,True,5,verb
345,bit,1338_0.wav,bit,bi,False,1,noun
346,baŭ,1311_0.wav,bau,bau,True,0,verb
347,刈る,103_0.wav,kaɾɯ,ka,True,2,verb
348,다다구,1118_0.wav,ta̠da̠ɡu,nadaɡu,False,3,noun
349,abataj,846_0.wav,abataʒ,abataʒ,True,0,noun
350,チルダ,628_0.wav,tɕiɾɯda,tida,True,3,noun
351,달하다,129_0.wav,ta̠ɾɦa̠da̠,tada,False,6,adjective
352,拙い,544_0.wav,tsɯtanai,kstanai,False,2,adjective
353,미사,388_0.wav,misʰa̠,misa,True,2,verb
354,áp-ga-ni,880_0.wav,ap˦˥-ɣa˧˥-ni˧˥,apani,True,9,verb
355,riang,194_0.wav,riaŋ,iaŋ,True,1,adjective
356,위시,901_0.wav,ɥiɕʰi,i,False,4,verb
357,memarahi,157_0.wav,məmarahi,məmai,False,3,adjective
358,porĉiama,415_0.wav,port͡ʃiama,potʃiama,True,2,adjective
359,armaturi,1552_0.wav,armaturi,amatui,True,2,noun
360,amuk,112_0.wav,amuʔ,amu,True,1,verb
361,abagiu,732_0.wav,abadʒiw,abadʒiw,True,0,noun
362,أتأيم,1222_0.wav,ʔataʔajjam,atajm,False,5,noun
363,kaya,549_0.wav,kaja,kaja,True,0,adjective
364,italy,1458_0.wav,itali,italij,False,1,noun
365,빠른,602_0.wav,p͈a̠ɾɯn,pan,True,4,noun
366,aprobarea,736_0.wav,aprobarĕa,apoba,False,4,noun
367,나타나다,15_0.wav,na̠tʰa̠na̠da̠,natanada,True,5,verb
368,amasigi,1139_0.wav,amasigi,amasi,False,2,verb
369,weave,450_0.wav,ˈwiv,wi,False,2,verb
370,leafy,167_0.wav,ˈɫifi,ifi,True,2,adjective
371,animala,1230_0.wav,animala,alimala,False,1,noun
372,caí,834_0.wav,kaˈi,kai,True,1,verb
373,Rotor,1450_0.wav,ˈɾoːtoɾ,to,False,5,noun
374,adam,759_0.wav,adam,adam,True,0,noun
375,vojaĝi,418_0.wav,voiad͡ʒi,voiadʒi,True,1,verb
376,abangan,852_0.wav,abaŋan,abaŋan,True,0,noun
377,doudoune,970_0.wav,dudun,dudu,False,1,noun
378,leavy,384_0.wav,ˈɫivi,ivi,True,2,adjective
379,dukun,662_0.wav,dukun,bukun,False,1,noun
380,bani,318_0.wav,bani,bani,True,0,verb
381,akuŝi,1217_0.wav,akuʃi,akuʃi,True,0,verb
382,adiaŭ,794_0.wav,adiau,adiau,True,0,noun
383,babi,528_0.wav,babi,babi,True,0,verb
384,菱形,597_0.wav,çiɕigata,ʃiata,False,4,noun
385,accaparâmes,983_0.wav,akapaʁam,akapam,False,2,verb
386,乾いた,485_0.wav,kaɰᵝaita,kaita,False,3,verb
387,난류,1550_0.wav,na̠ɭʎju,naju,True,3,noun
388,ripari,360_0.wav,ripari,ipai,True,2,verb
389,lucarii,854_0.wav,lukarij,lukaij,True,1,noun
390,あま噛み,1024_0.wav,amakami,amakami,True,0,verb
391,menakuti,290_0.wav,mənakuti,mənakuti,True,0,verb
392,afmarkaða,1018_0.wav,avmar̥kaða,amaka,False,5,adjective
393,putih,499_0.wav,putih,kuti,False,2,adjective
394,규모,603_0.wav,kjumo̞,kmo,False,3,noun
395,ostatici,735_0.wav,ostatitʃʲ,ostatitʃ,True,1,noun
396,sleek,448_0.wav,ˈsɫik,sik,True,2,adjective
397,bariu,1562_0.wav,barju,balju,False,1,noun
398,meratapi,44_0.wav,məratapi,məatapi,True,1,verb
399,antaranya,1565_0.wav,antaraɲa,ataɲa,False,3,noun
400,Modi,1369_0.wav,ˈmoːdi,mi,False,4,noun
401,memulai,125_0.wav,məmulai,məmulai,True,0,verb
402,가나,1656_0.wav,ka̠na̠,kana,True,2,noun
403,马戏团,1236_0.wav,ma˨˩˦ ɕi˥˩ tʰwan˧˥,maitwan,True,11,noun
404,tanah,648_0.wav,tanah,tana,True,1,noun
405,dimulai,422_0.wav,dimulai,dimulai,True,0,verb
406,afoniza,1443_0.wav,afoniza,afoniza,True,0,noun
407,bravaĉa,1568_0.wav,bravat͡ʃa,blavatʃa,False,2,noun
408,rahang,522_0.wav,rahaŋ,aŋ,False,3,verb
409,canalicular,961_0.wav,kanalikular,kanaliula,False,2,adjective
410,가마니바늘,1073_0.wav,ka̠ma̠niba̠nɯɭ,kamaninan,False,6,noun
411,bi đát,1583_0.wav,bi˧˥ dak˦˥,bida,False,6,adjective
412,말하다,5_0.wav,ma̠ɾɦa̠da̠,nada,False,7,verb
413,pugo,591_0.wav,pugo,po,False,2,adjective
414,aŭtomata,969_0.wav,automata,atomata,False,1,adjective
415,hodiaŭ,1530_0.wav,hodiau,odiau,True,1,noun
416,バラン,674_0.wav,baɾaɴ,a,False,4,noun
417,１０代,1348_0.wav,dʑɯɯdai,dai,False,4,noun
418,スノー,659_0.wav,sɯnoː,sno,True,2,noun
419,sandiwara,673_0.wav,sandiwara,sandiwa,False,2,noun
420,씨앗,38_0.wav,ɕ͈ia̠t̚,iat,True,4,adjective
421,abadi,1108_0.wav,abadi,abadi,True,0,noun
422,memahami,238_0.wav,məmahami,məmami,False,2,verb
423,amaĵi,1178_0.wav,amaʒi,amaʒi,True,0,noun
424,aplanata,843_0.wav,aplanata,aplalnata,False,1,noun
425,bubung,1185_0.wav,bubuŋ,bubuŋ,True,0,noun
426,acclimata,1295_0.wav,aklimata,aklmata,False,1,noun
427,analiza,1094_0.wav,analiza,anaiza,False,1,noun
428,ＳＩｅｒ,1284_0.wav,esɯaiaː,a,False,6,noun
429,bit,1407_0.wav,bit,bit,True,0,noun
430,liris,41_0.wav,liris,lis,False,2,adjective
431,bisi,840_0.wav,bisi,bisi,True,0,verb
432,imaginara,78_0.wav,imaginara,imanina,False,3,adjective
433,akan,707_0.wav,akan,akan,True,0,
434,bằng hữu chi giao,822_0.wav,băŋ˦˨ hɯw˧˩˨ ci˧˥ jaw˧˥,bŋwijaw,True,16,verb
435,alegoriza,784_0.wav,aleɡoriza,alɡoiza,False,2,noun
436,menakuti,615_0.wav,mənakuti,mənakuti,True,0,noun
437,bono,895_0.wav,bono,bono,True,0,adjective
438,필라프,539_0.wav,pʰiɭɭa̠pʰɯ,piap,True,6,adjective
439,吗玩意儿,795_0.wav,ma˧˥ wan˧˥ i˥˩ aɻ˧,mawaia,False,12,noun
440,mencapai,46_0.wav,məntʃapai,mətʃapai,False,1,verb
441,인식하다,99_0.wav,inɕʰikʰa̠da̠,inikada,True,5,verb
442,밀가루,891_0.wav,miɭɡa̠ɾu,miɡau,True,3,noun
443,förstasida,977_0.wav,²f'œʂʈasiːda,fuasida,False,6,noun
444,ác-mô-ni-ca,1463_0.wav,ak˦˥-mo˧˥-ni˧˥-ka˧˥,amnika,False,13,adjective
445,diaporama,781_0.wav,djapoʁama,djapoʁama,True,0,noun
446,너비뛰기,1267_0.wav,nʌ̹bit͈ɥiɡi,nobitɥiɡi,False,3,noun
447,affilie,1380_0.wav,afili,afili,True,0,verb
448,أسباجيتي,1038_0.wav,ʔisbaːdʒiːtiː,asbadʒitij,False,5,noun
449,alud,847_0.wav,aluð,alu,True,1,verb
450,biban,1199_0.wav,biban,biban,True,0,noun
451,aglutina,883_0.wav,aɡlutina,alutina,False,1,noun
452,kuno,1478_0.wav,kuno,kuno,True,0,adjective
453,查看,215_0.wav,ʈʂʰa˧˥ kʰan˥˩,akan,True,9,verb
454,americanii,1125_0.wav,amerikanij,ameikani,False,2,noun
455,差不离,827_0.wav,ʈʂʰa˥˩ pu˧ li˧˥,apuli,True,10,noun
456,가시,585_0.wav,ka̠ɕʰi,kai,True,3,verb
457,難しい,366_0.wav,mɯzɯkaɕii,mzkai,False,4,adjective
458,ám,1124_0.wav,auːm,aum,True,1,verb
459,방음,370_0.wav,pa̠ŋɯm,pam,False,3,verb
460,balasan,8_0.wav,balasan,balasan,True,0,verb
461,tabú,1367_0.wav,taˈβu,tau,True,2,adjective
462,마시,616_0.wav,ma̠ɕʰi,mai,True,3,noun
463,aluniza,975_0.wav,aluniza,aluniza,True,0,noun
464,들리다,134_0.wav,tɯɭʎida̠,tida,True,4,verb
465,氯化物,998_0.wav,ly˥˩ xwa˥˩ u˥˩,lwau,False,10,noun
466,アースン,1055_0.wav,aːsɯɴ,as,True,3,noun
467,kerajaan,526_0.wav,kəradʒaʔan,kəadʒan,False,3,adjective
468,dasar,525_0.wav,dasar,dasa,True,1,adjective
469,lihat,83_0.wav,lihat,liat,True,1,verb
470,seamy,107_0.wav,ˈsimi,sini,False,2,adjective
471,diperbaiki,1043_0.wav,dipərbaiki,dipəbaiki,True,1,adjective
472,고니,1168_0.wav,ko̞ni,koni,True,1,noun
473,mabuk,180_0.wav,mabuʔ,mabu,True,1,adjective
474,abadi,416_0.wav,abadi,abadi,True,0,adjective
475,boli,1532_0.wav,boli,boli,True,0,verb
476,tripatouille,804_0.wav,tʁipatuj,tipatu,False,2,noun
477,gaja,621_0.wav,gaia,aia,True,1,noun
478,가루,1275_0.wav,ka̠ɾu,kau,True,2,noun
479,Afríka,1154_0.wav,aːfrika,afika,True,2,noun
480,Cid,888_0.wav,θið,it,False,2,verb
481,あんこ型,809_0.wav,aɴkogata,akoata,True,2,noun
482,두나이 강,861_0.wav,tuna̠i ka̠ŋ,tnaiɡaŋ,False,5,noun
483,가로놓이다,1414_0.wav,ka̠ɾo̞no̞ida̠,kaonoida,True,5,verb
484,áfrýja,1433_0.wav,auːfrija,aufia,False,3,verb
485,asusila,1193_0.wav,asusila,asusila,True,0,adjective
486,bizara,1212_0.wav,bizara,biza,False,2,adjective
487,capitularii,1546_0.wav,kapitularij,kapitulaij,True,1,noun
488,isaicu,1454_0.wav,isajku,isajku,True,0,adjective
489,uzukapi,1337_0.wav,uzukapi,zukapi,False,1,verb
490,kuraĝa,28_0.wav,kurad͡ʒa,kuadʒa,True,2,adjective
491,baian,831_0.wav,bajan,bajan,True,0,noun
492,줄이다,75_0.wav,t͡ɕuɾida̠,tsida,False,5,verb
493,抹布,1608_0.wav,ma˥˥ pu˥˩,mapu,True,5,noun
494,悲しい,65_0.wav,kanaɕii,kai,False,4,adjective
495,korvo,587_0.wav,korvo,kovo,True,1,verb
496,おけさ節,1272_0.wav,okesabɯɕi,okesa,False,4,noun
497,叱る,158_0.wav,ɕikaɾɯ,ika,True,3,verb
498,basarabean,984_0.wav,basarabĕan,basadan,False,4,adjective
499,可愛い,338_0.wav,kaɰᵝaii,kai,False,4,adjective
500,翼,613_0.wav,tsɯbasa,tsbasa,True,1,noun
501,goofy,476_0.wav,ˈɡufi,ufi,False,2,verb
502,أريتري,1471_0.wav,ʔiriːtrijj,itij,False,6,adjective
503,可以吗,1306_0.wav,kʰɤ˨˩˦ i˨˩˦ ma˧,kima,True,11,verb
504,diatur,703_0.wav,diatur,diatu,True,1,verb
505,갈비,1507_0.wav,ka̠ɭbi,kabi,True,2,noun
506,أشبك,1093_0.wav,ʔaʃibaka,ʃibak,False,3,verb
507,보시,581_0.wav,po̞ɕʰi,poi,True,3,verb
508,壮大,521_0.wav,soɯdai,sodai,True,1,adjective
509,gila,351_0.wav,gila,ila,True,1,adjective
510,aparataj,1189_0.wav,aparataʒ,apataʒ,False,2,noun
511,사실,159_0.wav,sʰa̠ɕʰiɭ,sai,True,5,verb
512,أكسجيني,1109_0.wav,ʔuksidʒiːnijj,uksdʒinij,False,4,noun
513,仔细观察,826_0.wav,tsɯ˨˩˦ ɕi˥˩ kwan˥˥ ʈʂʰa˧˥,sikwana,False,18,verb
514,berkilau,271_0.wav,bərkilau,bəkilau,True,1,verb
515,하하,574_0.wav,ha̠ɦa̠,a,False,5,verb
516,humida,471_0.wav,humida,umida,True,1,adjective
517,산란,462_0.wav,sʰa̠ɭɭa̠n,san,False,6,adjective
518,humida,865_0.wav,humida,umida,True,1,noun
519,takut,230_0.wav,takut,takut,True,0,verb
520,delikata,1597_0.wav,delikata,delikata,True,0,noun
521,암시하다,419_0.wav,a̠mɕʰiɦa̠da̠,amniada,False,6,verb
522,aduhai,1638_0.wav,aduhai,aduai,True,1,noun
523,암기하다,198_0.wav,a̠mɡiɦa̠da̠,aɡiada,False,5,verb
524,rahasia,73_0.wav,rahasia,asia,False,3,adjective
525,biadi,1298_0.wav,biadi,biadi,True,0,noun
526,인식하다,234_0.wav,inɕʰikʰa̠da̠,inikada,True,5,adjective
527,恥ずかしい,20_0.wav,hazɯkaɕii,azkai,False,4,adjective
528,akuisisi,1045_0.wav,akuisisi,akuisisi,True,0,noun
529,bi cảm,1143_0.wav,bi˧˥ kam˧˩˨,bikam,True,6,verb
530,イースター,1644_0.wav,iːsɯtaː,ista,True,3,noun
531,脇腹,598_0.wav,ɰᵝakibaɾa,akia,False,5,noun
532,절약하다,453_0.wav,t͡ɕʌ̹ɾja̠kʰa̠da̠,tsakada,False,10,verb
533,sekulara,435_0.wav,sekulara,skula,False,3,adjective
534,saluti,100_0.wav,saluti,saluti,True,0,verb
535,계산하다,97_0.wav,kje̞sʰa̠nɦa̠da̠,kjasanada,False,7,verb
536,dodii,1323_0.wav,dodij,dodij,True,0,noun
537,ＯＢ,1424_0.wav,oːbiː,obi,True,2,noun
538,murung,4_0.wav,muruŋ,muŋ,False,2,adjective
539,cronicarii,1416_0.wav,kronikarij,koniaj,False,4,noun
540,áo ngự,1057_0.wav,aw˩˧ ŋɯ˨ˀ˩ʔ,awŋ,True,8,noun
541,早く,23_0.wav,hajakɯ,ak,False,4,adjective
542,가갸글,1180_0.wav,ka̠ɡja̠ɡɯɭ,kaɡjaɡ,True,4,noun
543,tripartí,752_0.wav,tɾipaˈɾti,ipati,False,4,adjective
544,슬픔,237_0.wav,sʰɯɭpʰɯm,spm,True,5,verb
545,resanigi,19_0.wav,resanigi,sani,False,4,verb
546,가냐귀,1029_0.wav,ka̠ɲja̠ɡɥi,kajaɡi,False,4,noun
547,あら挽き,734_0.wav,aɾabiki,abiki,False,2,noun
548,sprüht,553_0.wav,ˈʃpɾyt,ʃit,False,4,verb
549,甲高い,250_0.wav,kaɴdakai,kadakai,True,1,adjective
550,내려디디기,1384_0.wav,nɛ̝ɾjʌ̹didiɡi,nɛadidiɡi,False,5,noun
551,aukana,775_0.wav,œiːkana,œkana,False,2,verb
552,amhar,1501_0.wav,amhar,ama,True,2,noun
553,caia,1581_0.wav,kaja,kaja,True,0,noun
554,aarónica,1153_0.wav,aaˈɾonika,ania,False,5,adjective
555,파란,105_0.wav,pʰa̠ɾa̠n,pan,False,5,adjective
556,いたし方,841_0.wav,itaɕikata,itaikata,True,1,noun
557,إبرام,932_0.wav,ʔibraːm,ibam,True,3,noun
558,bichas,1202_0.wav,bitʃas,bitʃas,True,0,noun
559,Pyjama,1336_0.wav,pyˈd͡ʒaːma,pdʒama,False,4,noun
560,migri,1643_0.wav,migri,mi,False,3,noun
561,자라다,146_0.wav,t͡ɕa̠ɾa̠da̠,tada,False,7,verb
562,이루다,45_0.wav,iɾuda̠,iuda,True,2,verb
563,rajdi,25_0.wav,raidi,aidi,True,1,verb
564,chip,718_0.wav,tʃip,tʃi,False,1,verb
565,blidaru,1343_0.wav,blidaru,biau,False,3,noun
566,musafirii,1480_0.wav,musafirij,musafi,False,3,noun
567,둥이,184_0.wav,tuŋi,tuŋi,True,0,verb
568,早く,709_0.wav,hajakɯ,ak,False,4,noun
569,瀬戸際,693_0.wav,setogiɰᵝa,setoia,True,3,noun
570,takut,199_0.wav,takut,takut,True,0,adjective
571,dril,1210_0.wav,dril,di,False,2,adjective
572,mochó,1629_0.wav,moˈtʃo,naʃo,False,4,noun
573,hlaupár,1122_0.wav,l̥œiːpaur,lipa,False,5,noun
574,２割,1247_0.wav,niɰᵝaɾi,niai,True,3,noun
575,balaban,1344_0.wav,balaban,balaban,True,0,adjective
576,마비,656_0.wav,ma̠bi,mabi,True,1,noun
577,búanna,789_0.wav,puːana,puana,True,1,noun
578,曲がり,599_0.wav,magaɾi,mai,False,3,noun
579,제안하다,270_0.wav,t͡ɕe̞a̠nɦa̠da̠,tanada,False,8,verb
580,귀밑,1004_0.wav,kɥimit̚,kɥimi,False,2,verb
581,almanacka,1072_0.wav,²'alːmanakːa,anaka,False,7,noun
582,구하다,307_0.wav,kuɦa̠da̠,kuada,True,3,verb
583,merasakan,712_0.wav,mərasakan,masakan,False,2,noun
584,aburrí,1617_0.wav,aβuˈri,aui,True,3,noun
585,勘察,842_0.wav,kʰan˥˥ ʈʂʰa˧˥,kana,True,9,verb
586,sinyal,61_0.wav,siɲal,siɲal,True,0,verb
587,ナイアス,704_0.wav,naiasɯ,naias,True,1,noun
588,의지하다,240_0.wav,ɰid͡ʑiɦa̠da̠,idiada,True,6,verb
589,피리,354_0.wav,pʰiɾi,pi,False,3,verb
590,可比,1033_0.wav,kʰɤ˨˩˦ pi˨˩˦,kai,False,10,verb
591,boto,1160_0.wav,boto,boto,True,0,noun
592,미루다,571_0.wav,miɾuda̠,mida,False,3,verb
593,jinak,257_0.wav,dʒinaʔ,dʒina,True,1,adjective
594,bonhava,741_0.wav,bonhava,monava,False,2,adjective
595,바다,114_0.wav,pa̠da̠,pada,True,2,adjective
596,cơ khí hóa,772_0.wav,kɤ˧˥ xi˩˧ hwa˩˧,kiwa,True,11,adjective
597,Afrodita,1289_0.wav,afrodita,afodita,True,1,adjective
598,sama,205_0.wav,sama,sama,True,0,adjective
599,analiza,1360_0.wav,analiza,analiza,True,0,verb
600,tawaran,398_0.wav,tawaran,awan,False,3,verb
601,나누기,377_0.wav,na̠nuɡi,nanɡi,False,2,verb
602,aŭdi,306_0.wav,audi,audi,True,0,verb
603,卖儿鬻女,911_0.wav,maɪ˥˩ aɻ˧˥ y˥˩ ny˨˩˦,mayny,False,15,verb
604,가리비,777_0.wav,ka̠ɾibi,kaibi,True,2,noun
605,不和,1553_0.wav,pu˥˩ xɤ˧˥,pu,True,7,verb
606,amonia,805_0.wav,amonia,amonia,True,0,noun
607,berbiau,1599_0.wav,bərbiau,bəbiau,True,1,noun
608,Ca-chiu-sa,1300_0.wav,ka˧˥-ciw˧˥-ʂa˧˥,kaiwa,True,10,verb
609,agarean,1013_0.wav,aɡarĕan,amalan,False,3,adjective
610,makan,143_0.wav,makan,makan,True,0,verb
611,秘密,1645_0.wav,mi˥˩ mi˥˩,mimi,True,5,noun
612,ababillaba,999_0.wav,aβaβiʎaβa,aia,False,6,verb
613,귀뚜라미,1305_0.wav,kɥit͈uɾa̠mi,kɥitami,False,4,noun
614,도시,186_0.wav,to̞ɕʰi,toi,True,3,adjective
615,가가하다,1021_0.wav,ˈka̠ːɡa̠ɦa̠da̠,kaɡada,False,8,noun
616,أسترالي,1200_0.wav,ʔusturaːlijj,ustalij,False,5,adjective
617,반응,374_0.wav,pa̠nɯŋ,panŋ,True,2,verb
618,mortiga,464_0.wav,mortiga,moia,False,3,adjective
619,airi,955_0.wav,airi,ai,False,2,noun
620,納屋,667_0.wav,naja,naja,True,0,noun
621,á sừng,938_0.wav,a˩˧ ʂɯŋ˦˨,aŋ,True,7,noun
622,도끼,264_0.wav,ˈto̞ːk͈i,poki,False,5,adjective
623,가급하다,1318_0.wav,ka̠ɡɯpʰa̠da̠,kaɡpada,True,5,verb
624,お淑やか,1293_0.wav,oɕitojaka,oitoaka,False,2,adjective
625,binan,765_0.wav,binan,binan,True,0,verb
626,タフ,313_0.wav,taɸɯ,ta,True,2,adjective
627,ガール,1028_0.wav,ɡaːɾɯ,ka,False,4,noun
628,koŝo,1535_0.wav,koʃo,ko,False,2,noun
629,zahir,498_0.wav,zahir,zsa,False,4,adjective
630,abajaban,798_0.wav,aβaxaβan,an,False,6,verb
631,disuadí,1403_0.wav,diswaˈði,iswai,False,3,adjective
632,올리다,132_0.wav,o̞ɭʎida̠,ida,False,5,verb
633,agârbiceanu,791_0.wav,aɡɨrbitʃ̩anu,aɡubitʃanu,False,3,noun
634,카파,494_0.wav,kʰa̠pʰa̠,kapa,True,4,adjective
635,أتن,1080_0.wav,ʔutun,atu,False,3,noun
636,Swahili,1041_0.wav,svahiːli,svaili,True,2,noun
637,사람,537_0.wav,ˈsʰa̠ːɾa̠m,sam,False,7,adjective
638,abdikasi,1488_0.wav,abdikasi,abikasi,False,1,noun
639,지시하다,293_0.wav,t͡ɕiɕʰiɦa̠da̠,tiada,False,8,verb
640,모토,161_0.wav,mo̞tʰo̞,moto,True,3,adjective
641,harian,694_0.wav,harian,aian,True,2,adjective
642,masam,295_0.wav,masam,masam,True,0,verb
643,範囲,649_0.wav,haɴi,ai,True,2,noun
644,karang,512_0.wav,karaŋ,kaŋ,False,2,adjective
645,baki,1115_0.wav,baki,baki,True,0,verb
646,marramáu,780_0.wav,maraˈmau,mamau,False,3,verb
647,misa,1321_0.wav,misa,misa,True,0,noun
648,疙疙瘩瘩,810_0.wav,kɤ˥˥ kɤ˧ ta˥˥ ta˥˥,kata,False,14,noun
649,編む,341_0.wav,amɯ,am,True,1,verb
650,あらいやだ,991_0.wav,aɾaijada,aiada,False,3,adjective
651,prisacaru,965_0.wav,prisakaru,pisakau,True,2,noun
652,mealy,156_0.wav,ˈmiɫi,mi,False,3,adjective
653,goo,428_0.wav,goo,o,False,2,adjective
654,pasu,1032_0.wav,pasu,asu,False,1,noun
655,آثر,934_0.wav,aːθara,a,False,5,noun
656,chum chúm,1354_0.wav,cum˧˥ cum˩˧,umum,True,7,noun
657,claudiqua,1474_0.wav,klodika,alodika,False,1,noun
658,أفلاطوني,942_0.wav,ʔaflaːtˤuːnijj,aunij,False,9,adjective
659,가닐,1594_0.wav,ka̠niɭ,kani,True,2,noun
660,為になる,502_0.wav,tameninaɾɯ,kamanina,False,4,verb
661,baicea,1421_0.wav,bajtʃ̩a,batʃa,False,2,noun
662,mewakili,359_0.wav,məwakili,məwakili,True,0,verb
663,brujo,1449_0.wav,bɾuxo,bu,False,3,verb
664,一贯,912_0.wav,i˧˥ kwan˥˩,iwan,False,6,verb
665,자극하다,14_0.wav,t͡ɕa̠ɡɯkʰa̠da̠,taɡkada,True,7,verb
666,ＶＰＥ,1019_0.wav,vɯipiːiː,ap,False,7,noun
667,상승하다,276_0.wav,sʰa̠ŋsʰɯŋɦa̠da̠,saŋksŋada,False,8,verb
668,bibic,766_0.wav,bibik,bibik,True,0,noun
669,파란,663_0.wav,pʰa̠ɾa̠n,pan,False,5,noun
670,浅い,244_0.wav,asai,asai,True,0,adjective
671,akurata,1290_0.wav,akurata,akuata,True,1,noun
672,悲しみ,236_0.wav,kanaɕimi,kanaimi,True,1,adjective
673,Singapúr,1203_0.wav,siŋapur,siŋapu,True,1,noun
674,並ぶ,355_0.wav,naɾabɯ,nab,False,3,verb
675,花花绿绿,785_0.wav,xwa˥˥ xwa˥˥ ly˥˩ ly˥˩,wawaly,False,15,verb
676,あいだる,1250_0.wav,aidaɾɯ,aida,True,2,verb
677,abría,1051_0.wav,aˈβɾia,aia,True,3,verb
678,媳妇儿,1614_0.wav,ɕi˧˥ fu˧ aɻ˧,ifa,False,9,adjective
679,adjud,839_0.wav,adʒud,aʒud,False,1,adjective
680,裸,636_0.wav,hadaka,adaka,True,1,adjective
681,Manhattan,1259_0.wav,manatan,mnapan,False,2,noun
682,나귀,438_0.wav,na̠ɡɥi,naɡɥi,True,1,adjective
683,carub,1489_0.wav,karub,kaub,True,1,noun
684,기밀실,1296_0.wav,kimiɭɕʰiɭ,kimai,False,5,noun
685,Havarie,1131_0.wav,ˌhavaˈʁiː,alai,False,6,noun
686,آزوتي,1381_0.wav,aːzuːtijj,azuti,False,4,adjective
687,fini,1563_0.wav,fini,fi,False,2,noun
688,halus,49_0.wav,halus,alus,True,1,adjective
689,滴る,627_0.wav,ɕitataɾɯ,itata,True,3,noun
690,Martini,982_0.wav,mar̥tini,matini,True,2,noun
691,기피,408_0.wav,kipʰi,kipi,True,1,verb
692,babi,892_0.wav,babi,babi,True,0,noun
693,baciu,1350_0.wav,batʃ̩u,batʃu,True,1,noun
694,hobi,170_0.wav,hobi,obi,True,1,adjective
695,cakar,150_0.wav,tʃakar,tʃaka,True,1,verb
696,pleat,593_0.wav,ˈpɫit,pit,True,2,adjective
697,becoquina,753_0.wav,bekokina,bkokina,False,1,adjective
698,tilraunadýr,989_0.wav,tʰɪlrœinatiːr,tliœnati,False,6,adjective
699,아마,692_0.wav,a̠ma̠,ama,True,2,adjective
700,焼く,152_0.wav,jakɯ,jak,True,1,verb
701,أدريان,731_0.wav,ʔadriːaːn,adlian,False,4,adjective
702,runrún,994_0.wav,ruˈnrun,un,False,5,noun
703,affabula,1128_0.wav,afabyla,afabala,False,1,adjective
704,mematuhi,311_0.wav,məmatuhi,məmatui,True,1,verb
705,melukai,365_0.wav,məlukai,məlukai,True,0,verb
706,abrud,913_0.wav,abrud,abud,True,1,verb
707,ayuhai,1446_0.wav,ajuhai,auai,False,2,noun
708,あ段,1204_0.wav,adaɴ,a,False,3,noun
709,أدريانو,979_0.wav,ʔadriːaːnuː,adianu,True,5,noun
710,adiraja,828_0.wav,adiradʒa,adiadʒa,True,1,noun
711,가득가득히,1654_0.wav,ka̠dɯk̚k͈a̠dɯkçi,kadkadki,False,8,noun
712,abun,747_0.wav,abun,abun,True,0,verb
713,abrigarla,1401_0.wav,aβɾiɣaɾla,aia,False,6,verb
714,ăm-bờ-ra-da,760_0.wav,ăm˧˥-bɤ˦˨-ʐa˧˥-ja˧˥,amaja,False,15,noun
715,dibuka,1283_0.wav,dibuka,dibuka,True,0,verb
716,banii,1119_0.wav,banij,bani,False,1,noun
717,씨앗,545_0.wav,ɕ͈ia̠t̚,iat,True,4,verb
718,ＣＧＩ,1609_0.wav,ɕiːdʑiːai,idiai,True,4,noun
719,melayani,503_0.wav,məlajani,məlajani,True,0,verb
720,粗い,153_0.wav,aɾai,ai,False,2,adjective
721,abatí,1216_0.wav,aβaˈti,ati,False,3,verb
722,agrafi,1007_0.wav,agrafi,afi,False,3,verb
723,batu,560_0.wav,batu,batu,True,0,verb
724,bogata,945_0.wav,boɡata,boɡata,True,0,adjective
725,budala,1526_0.wav,budala,budala,True,0,noun
726,邪悪,654_0.wav,dʑaakɯ,ak,False,4,noun
727,dikalahkan,302_0.wav,dikalahkan,dikalakan,True,1,verb
728,ＩＮＡＨ,933_0.wav,aina,ina,False,1,noun
729,koni,381_0.wav,koni,koni,True,0,adjective
730,biasa,81_0.wav,biasa,biasa,True,0,adjective
731,juara,110_0.wav,dʒuara,ʒua,False,3,adjective
732,dramigi,58_0.wav,dramigi,dali,False,4,verb
733,african,1363_0.wav,afrikan,afikan,True,1,adjective
734,ordinara,80_0.wav,ordinara,moina,False,5,adjective
735,boi,1479_0.wav,boi,boi,True,0,noun
736,빨간,87_0.wav,p͈a̠ɭɡa̠n,paɡan,True,4,adjective
737,oleo,1335_0.wav,olĕo,olo,True,1,noun
738,menganalisa,253_0.wav,məŋanalisa,məŋanalisa,True,0,verb
739,Afrodita,1646_0.wav,afrodita,afodita,True,1,noun
740,menghiasi,441_0.wav,məŋhiasi,məŋiasi,True,1,adjective
741,groovy,1378_0.wav,ˈɡɹuvi,uvi,False,3,adjective
742,홍보하다,136_0.wav,ɸʷo̞ŋbo̞ɦa̠da̠,oŋboada,True,7,verb
743,biang,1097_0.wav,biaŋ,biaŋ,True,0,noun
744,가드,261_0.wav,ka̠dɯ,kad,True,2,verb
745,Ameríkana,800_0.wav,aːmɛrikaːna,amikana,False,4,noun
746,imprimátur,1034_0.wav,impɾiˈmatuɾ,ibpimatu,False,4,noun
747,amirí,1130_0.wav,amiˈɾi,ai,False,4,noun
748,Titan,631_0.wav,tiˈtaːn,kitan,False,3,noun
749,痛み,375_0.wav,itami,itami,True,0,adjective
750,abrían,1006_0.wav,aˈβɾian,aian,True,3,verb
751,tajú,1397_0.wav,taˈxu,tau,True,2,verb
752,dichiseanu,1304_0.wav,dikʲ̩isĕanu,bikisanu,False,4,adjective
753,張り合う,484_0.wav,haɾiaɯ,aia,True,3,verb
754,고티힐후다,1287_0.wav,ko̞tʰiʝiɾβuda̠,kotiuda,False,7,noun
755,duniawi,434_0.wav,duniawi,buniaui,False,2,adjective
756,citarea,803_0.wav,tʃitarĕa,tʃita,False,3,noun
757,tajam,192_0.wav,tadʒam,tadʒam,True,0,adjective
758,uzi,440_0.wav,uzi,uzi,True,0,verb
759,파이,345_0.wav,pʰa̠i,pai,True,2,verb
760,모의,431_0.wav,mo̞ɰi,moi,True,2,adjective
761,아마,715_0.wav,a̠ma̠,ama,True,2,noun
762,違う,655_0.wav,tagaɯ,ta,False,3,adjective
763,대답하다,115_0.wav,tɛ̝da̠pʰa̠da̠,tɛdapada,True,5,verb
764,barrí,1113_0.wav,baˈri,bai,True,2,verb
765,hiền quá hoá ngu,1268_0.wav,hiəŋ˦˨ wa˩˧ hwa˩˧ ŋu˧˥,ŋwawaŋu,False,15,verb
766,đa nghi như Tào Tháo,980_0.wav,da˧˥ ŋi˧˥ ɲɯ˧˥ taw˦˨ tʰaw˩˧,daŋiɲtawaw,False,17,noun
767,輝く,638_0.wav,kagajakɯ,kajak,False,3,noun
768,flugila,1234_0.wav,flugila,fuila,False,2,noun
769,kacau,166_0.wav,katʃau,katʃau,True,0,adjective
770,huid,1172_0.wav,wið,wip,False,1,noun
771,laŭ,202_0.wav,lau,lau,True,0,verb
772,모일,548_0.wav,mo̞iɭ,moi,True,2,verb
773,dealu,953_0.wav,dĕalu,dalu,True,1,noun
774,고기다,1039_0.wav,ko̞ɡida̠,koɡida,True,2,noun
775,activarea,1635_0.wav,aktivarĕa,aktiva,False,3,verb
776,ĉit,1347_0.wav,t͡ʃit,tʃit,True,1,noun
777,倒打一耙,742_0.wav,tɑʊ˥˩ ta˨˩˦ i˥˩ pʰa˧˥,tataipa,False,15,noun
778,Garðabæ,817_0.wav,karðapaiː,kapa,False,5,noun
779,いるか座,1621_0.wav,iɾɯkaza,dikaza,False,3,noun
780,macaragiu,1285_0.wav,makaradʒiw,makadʒiw,False,2,noun
781,peels,383_0.wav,ˈpiɫz,pis,False,3,verb
782,bajingan,16_0.wav,badʒiŋan,badʒiŋan,True,0,adjective
783,vila,1176_0.wav,vila,ila,False,1,noun
784,無駄になる,70_0.wav,mɯdaninaɾɯ,mdanina,True,3,adjective
785,fugó,1498_0.wav,fuˈɣo,fuo,True,2,verb
786,azur,1112_0.wav,aθuɾ,au,True,2,adjective
787,aktuala,1225_0.wav,aktuala,aktuala,True,0,adjective
788,madi,1631_0.wav,madi,madi,True,0,noun
789,akapari,788_0.wav,akapari,akapai,True,1,adjective
790,beech,562_0.wav,ˈbitʃ,bitʃ,True,1,verb
791,飾る,700_0.wav,kazaɾɯ,kaza,True,2,noun
792,교가사상,1291_0.wav,kjoɡa̠sʰa̠sʰa̠ŋ,kjoɡasasaŋ,True,5,noun
793,슬픈,367_0.wav,sʰɯɭpʰɯn,spn,True,5,adjective
794,andæfa,1587_0.wav,antaiva,antaiva,True,0,verb
795,kawanan,454_0.wav,kawanan,kawanan,True,0,verb
796,고로,1310_0.wav,ko̞ɾo̞,ko,False,4,noun
797,マック,639_0.wav,makːɯ,mak,True,2,noun
798,ohyra,1510_0.wav,²'uːhyːra,a,False,8,noun
799,あっという間,1183_0.wav,atːoiɯma,atoima,True,2,noun
800,atchoum,1246_0.wav,atʃum,atʃum,True,0,noun
801,不遗余力,1383_0.wav,pu˥˩ i˧˥ y˧˥ li˥˩,puili,False,12,verb
802,細長い,358_0.wav,hosonagai,osonai,False,3,adjective
803,부리,563_0.wav,puɾi,pui,True,1,adjective
804,ajmara,792_0.wav,aimara,aima,False,2,noun
805,au passage,1257_0.wav,opasaʒ,obasaʒ,False,1,noun
806,Kit,832_0.wav,ˈkiːt,kit,True,2,noun
807,abarca,1537_0.wav,aβaɾka,aka,False,3,verb
808,変わった,214_0.wav,kaɰᵝatːa,kata,False,4,verb
809,ニーダ,1650_0.wav,niːda,nia,False,2,noun
810,brunasár,870_0.wav,prʏːnasauːr,nasa,False,7,adjective
811,kata,1162_0.wav,kata,kata,True,0,noun
812,探す,177_0.wav,sagasɯ,sas,False,3,verb
813,blaðamann,871_0.wav,plaːðaman,plama,False,4,noun
814,aburrí,1098_0.wav,aβuˈri,aui,True,3,verb
815,racun,543_0.wav,ratʃun,atʃun,True,1,adjective
816,آيرباص,757_0.wav,ʔiːrbaːsˤ,ambas,False,6,noun
817,划船,679_0.wav,xwa˧˥ ʈʂʰwan˧˥,wan,False,11,noun
818,abang,1107_0.wav,abaŋ,abaŋ,True,0,noun
819,ＯＦＦ会,818_0.wav,oɸɯkai,okai,True,2,noun
820,何许,925_0.wav,xɤ˧˥ ɕy˨˩˦,,False,10,noun
821,夕方,687_0.wav,jɯɯgata,jata,True,3,noun
822,menghadapi,298_0.wav,məŋhadapi,məŋadapi,True,1,verb
823,dyrgrip,1086_0.wav,²d'yːrgriːp,bip,False,9,verb
824,fies,1188_0.wav,fiːs,fis,True,1,verb
825,أبراهام,1261_0.wav,ʔabraːhaːm,abam,False,6,noun
826,banan,1273_0.wav,banan,banan,True,0,noun
827,asam,89_0.wav,asam,asam,True,0,adjective
828,い段,909_0.wav,idaɴ,ida,True,1,noun
829,哗啦哗啦,864_0.wav,xwa˥˥ la˥˥ xwa˥˥ la˥˥,walwala,False,14,noun
830,bigarra,1256_0.wav,bigaʁa,biaʁa,True,1,noun
831,誇らしい,33_0.wav,hokoɾaɕii,okoai,False,4,adjective
832,重大,119_0.wav,dʑɯɯdai,dai,False,4,adjective
833,ĉirkaŭbari,1412_0.wav,t͡ʃirkaubari,tʃikaubai,True,3,verb
834,cœliochirurgie,964_0.wav,seljɔʃiʁyʁʒi,klʃlʁlʒi,False,7,noun
835,기갑,191_0.wav,kiɡa̠p̚,kiɡap,True,2,verb
836,とき,1365_0.wav,toki,toki,True,0,noun
837,알알이,885_0.wav,a̠ɾa̠ɾi,ai,False,5,noun
838,fagur,927_0.wav,faɡur,fabu,False,2,adjective
839,ababilla,1517_0.wav,aβaβiʎa,aia,False,4,noun
840,إبريز,1044_0.wav,ʔibriːz,ibiz,True,3,adjective
841,biau,1135_0.wav,biau,biau,True,0,noun
842,articula,1402_0.wav,artikula,atikula,True,1,noun
843,cramoisi,1015_0.wav,kʁamwazi,kʁamwazi,True,0,noun
844,胴体,680_0.wav,doɯtai,dotai,True,1,noun
845,아픈,66_0.wav,a̠pʰɯn,apn,True,3,adjective
846,가리다,1660_0.wav,ka̠ɾida̠,kaida,True,3,noun
847,bifat,755_0.wav,bifat,bifat,True,0,adjective
848,solida,178_0.wav,solida,solida,True,0,adjective
849,darah,570_0.wav,darah,da,False,3,adjective
850,Foto,1339_0.wav,foːto,foto,True,1,noun
851,armod,944_0.wav,²'arːmuːd,amu,False,6,noun
852,lapisázuli,1613_0.wav,lapiˈsaθuli,lapisauli,True,2,noun
853,asociatii,1233_0.wav,asotʃiatij,asotʃati,False,2,noun
854,íbúa,1220_0.wav,iːpua,ipua,True,1,noun
855,이상,305_0.wav,isʰa̠ŋ,isaŋ,True,2,adjective
856,kiwis,324_0.wav,ˈkiwiz,kiwiz,True,1,verb
857,궁금하다,227_0.wav,kuŋɡɯmɦa̠da̠,kuŋɡmada,True,4,verb
858,إنديانا,1244_0.wav,ʔindiːaːnaː,indana,False,5,noun
859,hí ha hí hoáy,1106_0.wav,hi˩˧ ha˧˥ hi˩˧ hwăj˩˧,iwajw,False,18,verb
860,auglýsir,801_0.wav,œiɣlisir,lis,False,5,noun
861,ambigua,217_0.wav,ambigua,ambiua,True,1,adjective
862,urdí,1324_0.wav,uˈɾði,i,False,4,adjective
863,もみ,1586_0.wav,momi,momi,True,0,noun
864,nam nhi chi chí,1184_0.wav,nam˧˥ ɲi˧˥ ci˧˥ ci˩˧,namɲi,False,15,noun
865,bruney,1520_0.wav,ˈbɹuni,uni,False,3,noun
866,frisiert,1201_0.wav,fɾiˈziːɾt,fzit,False,5,verb
867,apologia,919_0.wav,apologia,apoloia,True,1,noun
868,agrupará,837_0.wav,aɣɾupaˈɾa,aupa,False,5,verb
869,귀납,779_0.wav,kɥina̠p̚,kɥina,False,3,noun
870,catatan,94_0.wav,tʃatatan,tʃatatan,True,0,verb
871,검사하다,328_0.wav,kʌ̹msʰa̠ɦa̠da̠,komsada,False,8,verb
872,기니,833_0.wav,kini,kɥini,False,1,noun
873,أيبولا,1205_0.wav,ʔiːbuːlaː,aibula,False,4,noun
874,穴,706_0.wav,ana,ana,True,0,noun
875,berbahaya,135_0.wav,bərbahaja,bəbaja,False,3,adjective
876,不渝,1167_0.wav,pu˥˩ y˧˥,puy,True,5,verb
877,amenajarea,1456_0.wav,amenaʒarĕa,amenaʒa,False,3,noun
878,ban chỉ huy,1242_0.wav,baŋ˧˥ ci˧˩˨ hwi˧˥,baŋiwi,True,11,noun
879,갈비탕,1459_0.wav,ka̠ɭbitʰa̠ŋ,kabitaŋ,True,4,noun
880,小儿麻痹,1500_0.wav,ɕjɑʊ˨˩˦ aɻ˧˥ ma˧˥ pi˥˩,jamapi,False,16,noun
881,mengalahkan,465_0.wav,məŋalahkan,məŋalakan,True,1,verb
882,hippy,1521_0.wav,hip̩i,ipi,True,2,noun
883,ngũ gia bì,1241_0.wav,ŋu˧˩˨ ja˧˥ bi˦˨,ŋujabi,True,9,noun
884,くさや,776_0.wav,kɯsaja,ksa,False,3,noun
885,고리,187_0.wav,ko̞ɾi,koi,True,2,verb
886,acadian,1279_0.wav,akadijan,akadjan,False,1,adjective
887,antidata,802_0.wav,ɑ̃tidata,atidata,False,2,adjective
888,시시,113_0.wav,ɕʰiɕʰi,i,False,5,adjective
889,アラン,647_0.wav,aɾaɴ,a,False,3,noun
890,biti,1495_0.wav,biti,biti,True,0,noun
891,berkilau,235_0.wav,bərkilau,bəkilau,True,1,adjective
892,ＡＳＣＩＩ,1297_0.wav,asɯkiː,aski,True,2,noun
893,掃く,459_0.wav,hakɯ,ak,True,2,verb
894,논하다,26_0.wav,no̞nɦa̠da̠,nonada,True,4,verb
895,가리다,973_0.wav,ka̠ɾida̠,kaida,True,3,adjective
896,afasi,1227_0.wav,afas'iː,afas,False,3,noun
897,neese,404_0.wav,ˈniz,niz,True,1,adjective
898,평가하다,11_0.wav,pʰjʌ̹ŋɡa̠ɦa̠da̠,pŋɡada,False,9,verb
899,abai,1457_0.wav,abai,abai,True,0,noun
900,bufaba,1103_0.wav,bufaβa,bifa,False,3,verb
901,咯出,1399_0.wav,kʰa˨˩˦ ʈʂʰu˥˥,mau,False,11,noun
902,kejahatan,524_0.wav,kədʒahatan,kədʒatan,False,2,verb
903,기한,31_0.wav,kiɦa̠n,kian,True,2,verb
904,아담,457_0.wav,a̠da̠m,adam,True,2,verb
905,おみ,1655_0.wav,omi,omi,True,0,noun
906,faun,1266_0.wav,faun,fan,False,1,noun
907,alfavita,963_0.wav,alfavita,alfavita,True,0,noun
908,많은,18_0.wav,ma̠nɯn,man,False,3,adjective
909,mumi,168_0.wav,mumi,mumi,True,0,adjective
910,إباحي,719_0.wav,ʔibaːħijj,ibaij,False,4,adjective
911,赫剌剌,849_0.wav,xɤ˥˩ la˥˩ la˥˩,lala,True,10,noun
912,小川,686_0.wav,ogaɰᵝa,oa,False,4,noun
913,아담,681_0.wav,a̠da̠m,adam,True,2,noun
914,vomi,347_0.wav,vomi,vomi,True,0,verb
915,bi-da-ma,1545_0.wav,bi˧˥-ja˧˥-ma˧˥,bijama,True,8,adjective
916,감독하다,85_0.wav,ka̠mdo̞kʰa̠da̠,kamdokada,True,5,verb
917,teach,2_0.wav,ˈtitʃ,titʃ,True,1,verb
918,aburrí,1649_0.wav,aβuˈri,aui,True,3,noun
919,baniu,1393_0.wav,banju,banju,True,0,adjective
920,amar,1432_0.wav,amar,ama,True,1,adjective
921,MHÍ,1137_0.wav,ɛm hauː iː,mai,False,7,noun
922,갸쿠,1543_0.wav,kja̠kʰu,kaku,False,3,noun
923,일으키다,335_0.wav,iɾɯkçida̠,ikida,True,4,verb
924,あさひ,858_0.wav,asaçi,asai,True,1,noun
925,ĝoja,287_0.wav,d͡ʒoia,dʒoia,True,1,adjective
926,가위뛰기,778_0.wav,ka̠ɥit͈ɥiɡi,kaɥitɥiɡi,True,2,noun
927,계속하다,21_0.wav,kje̞sʰo̞kʰa̠da̠,kjasokada,False,7,verb
928,나팔,342_0.wav,na̠pʰa̠ɭ,napa,True,4,verb
929,miniatur,334_0.wav,miniatur,miniatu,True,1,adjective
930,성공하다,399_0.wav,sʰʌ̹ŋɡo̞ŋɦa̠da̠,sŋɡoŋada,True,7,verb
931,malĝoja,64_0.wav,mald͡ʒoia,maldʒoia,True,1,adjective
932,가타와쿠,1027_0.wav,ka̠tʰa̠wa̠kʰu,kataku,False,7,noun
933,書く,564_0.wav,kakɯ,kak,True,1,verb
934,bangun,630_0.wav,baŋun,baŋun,True,0,noun
935,솔기,391_0.wav,sʰo̞ɭɡi,soɡi,True,3,verb
936,曲がった,326_0.wav,magatːa,mata,False,3,verb
937,무른,211_0.wav,muɾɯn,bun,False,3,verb
938,구기다,853_0.wav,kuɡida̠,kuida,False,2,noun
939,푸른,368_0.wav,pʰuɾɯn,pun,True,3,adjective
940,sinh kí thác quy,987_0.wav,ʂin˧˥ ki˩˧ tʰak˦˥ wi˧˥,iŋitakwi,False,15,noun
941,adibusana,815_0.wav,adibusana,adibusana,True,0,noun
942,あさ飯,728_0.wav,asahaɴ,asa,False,3,noun
943,rappakalja,1079_0.wav,²r'apːakalːja,apakalja,True,5,adjective
944,敬う,216_0.wav,ɯjamaɯ,ama,False,3,verb
945,mengakui,98_0.wav,məŋakui,məŋakui,True,0,verb
946,사망,542_0.wav,sʰa̠ma̠ŋ,samaŋ,True,3,verb
947,무늬,551_0.wav,muni,muni,True,0,adjective
948,아슬,488_0.wav,a̠sʰɯɭ,as,True,4,verb
949,ああん,1624_0.wav,aaɴ,a,False,2,noun
950,경고하다,304_0.wav,kjʌ̹ŋɡo̞ɦa̠da̠,kŋoada,False,8,verb
951,diafana,1100_0.wav,diafana,diafana,True,0,noun
952,sinaí,935_0.wav,siːnai,sinai,True,1,noun
953,atún,974_0.wav,aˈtun,aun,False,2,verb
954,papaiani,1579_0.wav,papajani,papajani,True,0,noun
955,榻榻米,750_0.wav,tʰa˥˩ tʰa˥˩ mi˨˩˦,tatami,True,11,noun
956,caminiti,1105_0.wav,kɑmiˈniti,knini,False,5,verb
957,bali,1400_0.wav,bali,bali,True,0,adjective
958,إبيض,1473_0.wav,ibjadˤˤa,bia,False,6,adjective
959,cantaragiu,1207_0.wav,kantaradʒiw,pantadʒiw,False,3,noun
960,hears,185_0.wav,ˈhiɹz,iz,True,3,verb
961,memakai,380_0.wav,məmakai,məmakai,True,0,verb
962,흥분하다,1_0.wav,xɯŋbunɦa̠da̠,ŋbunada,True,5,verb
963,기기,1448_0.wav,kiɡi,kiɡi,True,0,noun
964,a-ba-toa,721_0.wav,a˧˥-ba˧˥-twa˧˥,abatwa,True,8,noun
965,bucșani,1523_0.wav,bukʃanʲ,bukʃan,True,1,noun
966,嘴,678_0.wav,kɯtɕibaɕi,ktibai,True,3,noun
967,bégonia,1372_0.wav,begonia,bəonia,False,2,noun
968,드라이기,993_0.wav,tɯɾa̠iɡi,taiɡi,True,3,noun
969,forto,322_0.wav,forto,foto,True,1,verb
970,duri,584_0.wav,duri,dui,True,1,verb
971,aci,1455_0.wav,atʃi,atʃi,True,0,noun
972,fatala,30_0.wav,fatala,fatala,True,0,adjective
973,matang,42_0.wav,mataŋ,mataŋ,True,0,adjective
974,anstataŭi,887_0.wav,anstataui,ansataui,False,1,verb
975,bichasse,1486_0.wav,biʃas,biʃas,True,0,noun
976,가구,533_0.wav,ka̠ɡu,kaɡu,True,1,verb
977,banala,423_0.wav,banala,banala,True,0,adjective
978,abajur,1058_0.wav,abaʒur,abaʒu,True,1,noun
979,rapida,321_0.wav,rapida,apida,True,1,adjective
980,가갸날,1090_0.wav,ka̠ɡja̠na̠ɭ,kaɡana,False,5,noun
981,나팔수,1593_0.wav,na̠pʰa̠ɭsʰu,napas,False,6,noun
982,웃음,144_0.wav,usʰɯm,sm,False,3,verb
983,薄暗い,165_0.wav,ɯsɯgɯɾai,sai,True,5,adjective
984,fali,496_0.wav,fali,fali,True,0,verb
985,bifa,1578_0.wav,bifa,bifa,True,0,noun
986,miar,1573_0.wav,mijar,bmia,False,3,adjective
987,biri-biri,793_0.wav,biri-biri,bibi,False,5,noun
988,大厦,1515_0.wav,ta˥˩ ʂa˥˩,ta,False,7,noun
989,artificii,1584_0.wav,artifitʃij,atifitʃi,False,2,noun
990,cejana,1110_0.wav,t͡seiana,tseiana,True,1,noun
991,badari,1426_0.wav,badari,badai,True,1,noun
992,ＤＩ,1487_0.wav,deiːai,biai,False,3,noun
993,baháí,1092_0.wav,paːhaji,pai,False,4,noun
994,saĝa,1511_0.wav,sad͡ʒa,sadʒa,True,1,adjective
995,cuadrumana,1303_0.wav,kwaðɾumana,kaumana,False,3,adjective
996,変わる,142_0.wav,kaɰᵝaɾɯ,a,False,6,verb
997,abajaba,1623_0.wav,aβaxaβa,a,False,6,adjective
998,马褂,1648_0.wav,ma˨˩˦ kwa˥˩,makwa,True,6,noun
999,HHÍ,1071_0.wav,hauː hauː iː,ai,False,10,noun
