,request_word,request_lang,request_pos,request_ipa,request_ipa_new_formatted,request_ipa_formatted,request_word_en,response_word,response_lang,response_pos,response_ipa,response_ipa_new_formatted,response_ipa_formatted,response_word_en
9,青い,ja,adjective,/aoi/,ɶoy,ɶoy,blue,알로기,ko,noun,/a̠ɭɭo̞ɡi/,ɶoy,ɶoy,Aliol
14,reeks,en,verb,/ˈɹiks/,ypϕ,ypϕ,reeks,iț,ro,noun,/its/,ypϕ,ypϕ,IT
36,mulch,en,verb,/ˈməɫtʃ/,əp,məp,mulch,măști,ro,noun,/məʃtʲ/,əp,məp,masks
38,덫,ko,adjective,/tʌ̹t̚/,ɔp,pɔp,trap,calk,en,noun,/ˈkɔk/,ɔp,pɔp,calk
49,schreie,de,adjective,/ʃˈɾəiː/jə/,əyə,əyə,scream,aliyah,en,noun,/əˈɫiə/,əyə,əyə,aliyah
60,tamer,en,adjective,/ˈteɪmɝ/,øʏm,pøʏm,tamer,Göring,de,noun,/ˈgøːɾɪŋ/,øʏm,bøʏm,Gaining
64,wanna,en,verb,/ˈwɑnə/,ɑə,rɒmə,wanna,bahne,de,verb,/ˈbɑnə/,ɑə,bɒmə,till
71,연기,ko,verb,/jʌ̹nɡi/,ɔmy,ɔmy,Acting,ghormley,en,noun,/ˈɡɔɹmɫi/,ɔmy,ɔmy,ghormley
72,known,en,verb,/ˈnoʊn/,oʊm,moʊm,known,Bohrung,de,noun,/ˈboːʀʊŋ/,oʊm,boʊm,drilling
80,摆,zh-cn,verb,/paɪ˨˩˦/,ɶʏ,pɶʏ,put,cai,en,noun,/ˈkaɪ/,ɶʏ,pɶʏ,cai
98,불행,ko,adjective,/puɾɦɛ̝ŋ/,uœm,puœm,Unhappiness,古谚,zh-cn,noun,/ku˨˩˦ jɛn˥˩/,uœm,puœm,Ancient comrades
1,weiten,de,verb,/ˈvaɪ̯tn̩/,ɶʏpm,βɶʏpm,expand,heitner,en,noun,/ˈhaɪtnɝ/,ɶʏpm,rɶʏpm,heitner
5,青い,ja,adjective,/aoi/,ɶoy,ɶoy,blue,알로기,ko,noun,/a̠ɭɭo̞ɡi/,ɶoy,ɶoy,Aliol
8,青い,ja,adjective,/aoi/,ɶoy,ɶoy,blue,알로기,ko,noun,/a̠ɭɭo̞ɡi/,ɶoy,ɶoy,Aliol
15,무릎,ko,verb,/muɾɯp̚/,uup,muup,knee,buyut,id,verb,/bujut/,uup,buup,Buying
23,青い,ja,adjective,/aoi/,ɶoy,ɶoy,blue,알로기,ko,noun,/a̠ɭɭo̞ɡi/,ɶoy,ɶoy,Aliol
27,난로,ko,verb,/na̠ɭɭo̞/,ɶo,mɶo,Fireplace,maŝo,eo,noun,/maʃo/,ɶo,mɶo,mesh
40,ahnt,de,verb,/ˈʔɑnt/,ɑmp,bɒmp,ahn,barndt,en,adjective,/ˈbɑɹnt/,ɑmp,bɒmp,barndt
55,刈る,ja,verb,/kaɾɯ/,ɶu,pɶu,mow,kau,id,noun,/kau/,ɶu,pɶu,you
57,reaps,en,verb,/ˈɹips/,ypϕ,ypϕ,reaps,iț,ro,noun,/its/,ypϕ,ypϕ,IT
61,青い,ja,adjective,/aoi/,ɶoy,ɶoy,blue,알로기,ko,noun,/a̠ɭɭo̞ɡi/,ɶoy,ɶoy,Aliol
74,reeks,en,verb,/ˈɹiks/,ypϕ,ypϕ,reeks,iț,ro,noun,/its/,ypϕ,ypϕ,IT
90,uap,id,adjective,/uap/,uɶp,uɶp,steam,류학,ko,noun,/ɾjuɦa̠k̚/,uɶp,uɶp,Rotology
96,青い,ja,adjective,/aoi/,ɶoy,ɶoy,blue,알로기,ko,noun,/a̠ɭɭo̞ɡi/,ɶoy,ɶoy,Aliol
105,urban,en,adjective,/ˈɝbən/,əm,bəm,urban,den,id,noun,/dən/,əm,bəm,Den.
110,seamy,en,adjective,/ˈsimi/,yy,ϕymy,seamy,기니,ko,noun,/kini/,yy,pymy,Guinea
112,borne,en,verb,/ˈbɔɹn/,ɔm,bɔm,borne,Gong,de,noun,/ˈgɔŋ/,ɔm,bɔm,gong
117,lifer,en,verb,/ˈɫaɪfɝ/,ɶʏϕ,ɶʏϕ,lifer,Reichs,de,noun,/ʀaɪ̯çs/,ɶʏϕ,ɶʏϕ,Rich
120,青い,ja,adjective,/aoi/,ɶoy,ɶoy,blue,알로기,ko,noun,/a̠ɭɭo̞ɡi/,ɶoy,ɶoy,Aliol
2,dwelt,en,verb,/ˈdwɛɫt/,bœp,brœp,dwelt,brecht,de,verb,/ˈbrɛçt/,bœp,brœp,Brecht
6,미라,ko,adjective,/miɾa̠/,yɶ,myɶ,Mummy,mía,es,noun,/ˈmia/,yɶ,myɶ,mine
7,가하다,ko,adjective,/ka̠ɦa̠da̠/,ɶɶɶ,pɶɶbɶ,inflict,Akada,eo,noun,/akada/,ɶɶɶ,ɶpɶbɶ,Akada
14,meriah,id,verb,/məriah/,əyɶr,məryɶr,rousing,băligar,ro,noun,/bəliɡar/,əyɶr,bəlyɶr,dunghill
19,青い,ja,adjective,/aoi/,ɶoy,ɶoy,blue,알로기,ko,noun,/a̠ɭɭo̞ɡi/,ɶoy,ɶoy,Aliol
23,bati,eo,verb,/bati/,ɶy,bɶpy,beat,大地,zh-cn,noun,/ta˥˩ ti˥˩/,ɶy,pɶpy,Earth
28,uap,id,adjective,/uap/,uɶp,uɶp,steam,gușat,ro,verb,/ɡuʃat/,uɶp,uɶp,goitrous
42,dulce,en,verb,/ˈdəɫs/,əϕ,bəϕ,dulce,des,de,,/dəs/,əϕ,bəϕ,of
58,흠,ko,verb,/xɯm/,um,ϕum,Hmm,fum,ro,noun,/fum/,um,ϕum,smoke
59,hench,en,verb,/ˈhɛntʃ/,œmp,rœmp,hench,Camp,de,noun,/kɛmp/,œmp,pœmp,Camp
60,미라,ko,adjective,/miɾa̠/,yɶ,myɶ,Mummy,mia,eo,noun,/mia/,yɶ,myɶ,my
64,보리,ko,verb,/po̞ɾi/,oy,poy,barley,コーヒー,ja,noun,/koːçiː/,oy,poy,coffee
71,known,en,verb,/ˈnoʊn/,oʊm,moʊm,known,Bohrung,de,noun,/ˈboːʀʊŋ/,oʊm,boʊm,drilling
78,hobby,en,adjective,/ˈhɑbi/,ɑy,rɒby,hobby,Kadi,de,noun,/ˈkɑːdi/,ɑy,pɒby,Kadi
80,hobi,id,adjective,/hobi/,oy,roby,hobby,kodi,eo,verb,/kodi/,oy,poby,codify
81,eaten,en,verb,/ˈitən/,yəm,ypəm,eaten,item,id,noun,/itəm/,yəm,ypəm,Item
85,绫,zh-cn,verb,/lɪŋ˧˥/,ʏm,lʏm,Thin silk,schlimm,de,,/ʃlɪm/,ʏm,lʏm,bad
87,루트,ko,verb,/ɾutʰɯ/,upu,upu,root,书铺,zh-cn,noun,/ʂu˥˥ pʰu˥˩/,upu,upu,Book
94,脊,zh-cn,verb,/tɕi˧˥/,py,pϕy,ridge,Zier,de,noun,/ˈtsiːɾ/,py,pϕy,Ornamental
0,맛,ko,adjective,/ma̠t̚/,ɶp,mɶp,flavor,map,id,noun,/map/,ɶp,mɶp,folder
2,兴,zh-cn,verb,/ɕɪŋ˥˥/,ʏm,ϕʏm,Be,fing,de,verb,/ˈfɪŋ/,ʏm,ϕʏm,fingering
5,reeks,en,verb,/ˈɹiks/,ypϕ,ypϕ,reeks,iț,ro,noun,/its/,ypϕ,ypϕ,IT
23,青い,ja,adjective,/aoi/,ɶoy,ɶoy,blue,알로기,ko,noun,/a̠ɭɭo̞ɡi/,ɶoy,ɶoy,Aliol
28,青い,ja,adjective,/aoi/,ɶoy,ɶoy,blue,알로기,ko,noun,/a̠ɭɭo̞ɡi/,ɶoy,ɶoy,Aliol
32,弱い,ja,adjective,/joɰᵝai/,oɶy,oɶy,weak,호라이,ko,noun,/ɸʷo̞ɾa̠i/,oɶy,oɶy,Hori
33,거미,ko,adjective,/kʌ̹mi/,ɔy,pɔmy,Spider,Pony,de,noun,/ˈpɔni/,ɔy,pɔmy,pony
41,둥이,ko,verb,/tuŋi/,uy,pumy,Round,fumi,eo,verb,/fumi/,uy,ϕumy,smoke
44,刈る,ja,verb,/kaɾɯ/,ɶu,pɶu,mow,paú,es,noun,/paˈu/,ɶu,pɶu,pau
46,reaps,en,verb,/ˈɹips/,ypϕ,ypϕ,reaps,iț,ro,noun,/its/,ypϕ,ypϕ,IT
57,青い,ja,adjective,/aoi/,ɶoy,ɶoy,blue,알로기,ko,noun,/a̠ɭɭo̞ɡi/,ɶoy,ɶoy,Aliol
64,mourn,en,verb,/ˈmɔɹn/,ɔm,mɔm,mourn,Norm,de,noun,/ˈnɔɾm/,ɔm,mɔm,standard
67,Beere,de,adjective,/ˈbeːʁə/,øə,bøβə,berry,sevă,ro,adjective,/sevə/,øə,ϕøβə,it will
75,saucy,en,verb,/ˈsɔsi/,ɔy,ϕɔϕy,saucy,摹习,zh-cn,noun,/mɔ˧˥ ɕi˧˥/,ɔy,mɔϕy,Study
77,conch,en,verb,/ˈkɑntʃ/,ɑmp,pɒmp,conch,ahmt,de,verb,/ˈʔɑmt/,ɑmp,bɒmp,ahmed
90,hoops,en,verb,/ˈhups/,upϕ,rupϕ,hoops,Mux,de,noun,/ˈmuːks/,upϕ,mupϕ,MUX
1,nazo,eo,adjective,/nazo/,ɶo,mɶβo,nose,なぞ,ja,noun,/nazo/,ɶo,mɶβo,Vague
6,rinks,en,verb,/ˈɹɪŋks/,ʏmpϕ,ʏmpϕ,rinks,Chintz,de,noun,/ˈçɪnts/,ʏmpϕ,ʏmpϕ,chintz
8,흑인,ko,verb,/xɯɡin/,uym,ϕuym,black,suin,ro,noun,/suin/,uym,ϕuym,swine
11,나모,ko,verb,/na̠mo̞/,ɶo,mɶmo,Namo,bango,id,noun,/baŋo/,ɶo,bɶmo,Bango.
13,rubel,en,verb,/ˈɹubəɫ/,uə,ubə,rubel,gubă,ro,noun,/ɡubə/,uə,ubə,Guba
17,给,zh-cn,verb,/keɪ˨˩˦/,øʏ,pøʏ,give,'kay,en,noun,/ˈkeɪ/,øʏ,pøʏ,'kay
23,tinggi,id,adjective,/tiŋgi/,ymy,pymby,high,bindi,eo,noun,/bindi/,ymy,bymby,bindi
60,foret,en,adjective,/ˈfɔɹɛt/,ɔœp,ϕɔœp,foret,거액,ko,noun,/kʌ̹ɛ̝k̚/,ɔœp,pɔœp,mint
82,known,en,verb,/ˈnoʊn/,oʊm,moʊm,known,各种,zh-cn,adjective,/kɤ˥˩ ʈʂʊŋ˨˩˦/,oʊm,poʊm,Various
86,亡き,ja,adjective,/naki/,ɶy,mɶpy,late,大地,zh-cn,noun,/ta˥˩ ti˥˩/,ɶy,pɶpy,Earth
88,crail,en,verb,/ˈkɹeɪɫ/,pøʏ,pøʏ,crail,伂,zh-cn,verb,/pʰeɪ˥˩/,pøʏ,pøʏ,Bamboo
89,기갑,ko,verb,/kiɡa̠p̚/,yɶp,pyɶp,Armor,diac,ro,noun,/diak/,yɶp,byɶp,diac
94,팬,ko,verb,/pʰɛ̝n/,pœm,pœm,Pan,佃,zh-cn,noun,/tjɛn˥˩/,pœm,pœm,Bamboo
95,焼く,ja,verb,/jakɯ/,ɶu,ɶpu,Bake,acuși,ro,verb,/akuʃʲ/,ɶu,ɶpu,acus
102,spülen,de,verb,/ˈʃpyːln̩/,ylm,pylm,do the washing up,film,id,noun,/film/,ylm,ϕylm,film
1,nea,eo,adjective,/nea/,øɶ,møɶ,ne,mea,es,noun,/mea/,øɶ,møɶ,Mea.
2,spülen,de,verb,/ˈʃpyːln̩/,ylm,pylm,do the washing up,film,id,noun,/film/,ylm,ϕylm,film
6,laŭ,eo,verb,/lau/,ɶu,lɶu,According to,layu,id,noun,/laju/,ɶu,lɶu,Layu.
7,青い,ja,adjective,/aoi/,ɶoy,ɶoy,blue,알로기,ko,noun,/a̠ɭɭo̞ɡi/,ɶoy,ɶoy,Aliol
10,who'd,en,verb,/ˈhud/,ub,rub,who'd,rugi,ro,,/rudʒʲ/,ub,rub,supplications
12,青い,ja,adjective,/aoi/,ɶoy,ɶoy,blue,알로기,ko,noun,/a̠ɭɭo̞ɡi/,ɶoy,ɶoy,Aliol
21,morse,en,verb,/ˈmɔɹs/,ɔϕ,mɔϕ,morse,noch,de,,/nɔx/,ɔϕ,mɔϕ,still
27,knits,en,verb,/ˈnɪts/,ʏpϕ,mʏpϕ,knits,Dirks,de,noun,/ˈdɪɾks/,ʏpϕ,bʏpϕ,Dirks
31,귀의,ko,adjective,/kɥiɰi/,pyy,pyy,otic,っ限り,ja,noun,/kːiɾi/,pyy,pyy,Minimal
34,tinggi,id,adjective,/tiŋgi/,ymy,pymby,high,bindi,eo,noun,/bindi/,ymy,bymby,bindi
35,slava,en,adjective,/ˈsɫɑvə/,ϕɑə,ϕɒβə,slava,Phrase,de,noun,/ˈfɾɑːzə/,ϕɑə,ϕɒβə,phrase
36,塞,zh-cn,verb,/saɪ˥˥/,ɶʏ,ϕɶʏ,Plug,cy,en,noun,/ˈsaɪ/,ɶʏ,ϕɶʏ,cy
47,techy,en,adjective,/ˈtɛtʃi/,œpy,pœpy,techy,대피,ko,noun,/tɛ̝pʰi/,œpy,pœpy,evacuation
50,roost,en,verb,/ˈɹust/,uϕp,uϕp,roost,gust,ro,noun,/ɡust/,uϕp,uϕp,taste
58,틈,ko,adjective,/tʰɯm/,pum,pum,aperture,cung,id,verb,/tʃuŋ/,pum,pum,laddie
63,daunt,en,verb,/ˈdɔnt/,ɔmp,bɔmp,daunt,Fond,de,noun,/ˈfɔnt/,ɔmp,ϕɔmp,Fond
68,摆,zh-cn,verb,/paɪ˨˩˦/,ɶʏ,pɶʏ,put,cai,en,noun,/ˈkaɪ/,ɶʏ,pɶʏ,cai
95,fussy,en,adjective,/ˈfəsi/,əy,ϕəϕy,fussy,besi,id,noun,/bəsi/,əy,bəϕy,iron
5,mourn,en,verb,/ˈmɔɹn/,ɔm,mɔm,mourn,넌,ko,noun,/nʌ̹n/,ɔm,mɔm,You
11,warnt,de,verb,/ˈvaɾnt/,ɶmp,βɶmp,warning,banc,ro,noun,/bank/,ɶmp,bɶmp,bank
14,青い,ja,adjective,/aoi/,ɶoy,ɶoy,blue,알로기,ko,noun,/a̠ɭɭo̞ɡi/,ɶoy,ɶoy,Aliol
22,tease,en,verb,/ˈtiz/,yβ,pyβ,tease,Kiew,de,noun,/ˈkiːv/,yβ,pyβ,Kiev
28,아닌,ko,adjective,/a̠nin/,ɶym,ɶmym,not,angin,id,noun,/aŋin/,ɶym,ɶmym,wind
34,青い,ja,adjective,/aoi/,ɶoy,ɶoy,blue,알로기,ko,noun,/a̠ɭɭo̞ɡi/,ɶoy,ɶoy,Aliol
39,perry,en,verb,/ˈpɛɹi/,œy,pœy,perry,대기,ko,verb,/tɛ̝ɡi/,œy,pœy,Waiting
40,mereda,id,verb,/mərəda/,əəɶ,mərəbɶ,Deathfully,lăpăda,ro,verb,/ləpəda/,əəɶ,ləpəbɶ,LAPADAT
42,spare,en,adjective,/ˈspɛɹ/,ϕœ,ϕpœ,spare,Sketsch,de,,/ˈskɛʧ/,ϕœ,ϕpœ,Socket
44,tardy,en,adjective,/ˈtɑɹdi/,ɑy,pɒby,tardy,Kadi,de,noun,/ˈkɑːdi/,ɑy,pɒby,Kadi
57,rubel,en,verb,/ˈɹubəɫ/,uə,ubə,rubel,gubă,ro,noun,/ɡubə/,uə,ubə,Guba
59,태아,ko,adjective,/tʰɛ̝a̠/,pœɶ,pœɶ,fetus,铁叉,zh-cn,noun,/tʰjɛ˨˩˦ ʈʂʰa˥˥/,pœɶ,pœɶ,Iron fork
64,sama,id,adjective,/sama/,ɶɶ,ϕɶmɶ,same,Anna,de,noun,/ˈʔana/,ɶɶ,bɶmɶ,Anna
68,青い,ja,adjective,/aoi/,ɶoy,ɶoy,blue,알로기,ko,noun,/a̠ɭɭo̞ɡi/,ɶoy,ɶoy,Aliol
81,vouch,en,adjective,/ˈvaʊtʃ/,ɶʊp,βɶʊp,vouch,Laub,de,noun,/laʊ̯p/,ɶʊp,lɶʊp,leaves
90,known,en,verb,/ˈnoʊn/,oʊm,moʊm,known,Bohrung,de,noun,/ˈboːʀʊŋ/,oʊm,boʊm,drilling
94,harry,en,verb,/ˈhɛɹi/,œy,rœy,harry,해일,ko,noun,/hɛ̝iɭ/,œy,rœy,Tsunami
98,known,en,verb,/ˈnoʊn/,oʊm,moʊm,known,各种,zh-cn,adjective,/kɤ˥˩ ʈʂʊŋ˨˩˦/,oʊm,poʊm,Various
101,known,en,verb,/ˈnoʊn/,oʊm,moʊm,known,Bohrung,de,noun,/ˈboːʀʊŋ/,oʊm,boʊm,drilling
105,spurt,en,verb,/ˈspɝt/,ϕpp,ϕpp,spurt,ftp,de,verb,/ˈftp/,ϕpp,ϕpp,FTP
106,welch,en,verb,/ˈwɛɫtʃ/,œp,rœp,welch,핵,ko,noun,/hɛ̝k̚/,œp,rœp,nucleus
109,porky,en,verb,/ˈpɔɹki/,ɔy,pɔpy,porky,墨翟,zh-cn,noun,/mɔ˥˩ ti˧˥/,ɔy,mɔpy,Ink
110,gemuk,id,verb,/gəmuʔ/,əub,bəmub,fat,alamoud,en,verb,/ˈæɫəˌmud/,əub,æəmub,alamoud
114,cease,en,verb,/ˈsis/,yϕ,ϕyϕ,cease,gis,es,verb,/xis/,yϕ,ϕyϕ,chalk
15,gemuk,id,verb,/gəmuʔ/,əub,bəmub,fat,alamoud,en,verb,/ˈæɫəˌmud/,əub,æəmub,alamoud
16,known,en,verb,/ˈnoʊn/,oʊm,moʊm,known,Bohrung,de,noun,/ˈboːʀʊŋ/,oʊm,boʊm,drilling
19,known,en,verb,/ˈnoʊn/,oʊm,moʊm,known,Bohrung,de,noun,/ˈboːʀʊŋ/,oʊm,boʊm,drilling
23,闻,zh-cn,verb,/uən˧˥/,uəm,uəm,smell,ruhen,de,verb,/ˈʀuːən/,uəm,uəm,rest
24,bau,id,verb,/bau/,ɶu,bɶu,smell,ガール,ja,noun,/gaːɾɯ/,ɶu,bɶu,Girl
26,青い,ja,adjective,/aoi/,ɶoy,ɶoy,blue,알로기,ko,noun,/a̠ɭɭo̞ɡi/,ɶoy,ɶoy,Aliol
29,파도,ko,verb,/pʰa̠do̞/,pɶo,pɶbo,wave,ＣＡＤ,ja,noun,/kjado/,pɶo,pɶbo,CAD
37,대다,ko,verb,/tɛ̝da̠/,œɶ,pœbɶ,apply,störbar,de,,/ʃtœɾˈbaɽ/,œɶ,pœbɶ,disturbible
41,known,en,verb,/ˈnoʊn/,oʊm,moʊm,known,各种,zh-cn,adjective,/kɤ˥˩ ʈʂʊŋ˨˩˦/,oʊm,poʊm,Various
49,known,en,verb,/ˈnoʊn/,oʊm,moʊm,known,各种,zh-cn,adjective,/kɤ˥˩ ʈʂʊŋ˨˩˦/,oʊm,poʊm,Various
52,팬,ko,verb,/pʰɛ̝n/,pœm,pœm,Pan,佃,zh-cn,noun,/tjɛn˥˩/,pœm,pœm,Bamboo
60,stern,en,adjective,/ˈstɝn/,ϕpm,ϕpm,stern,stn,ro,noun,/stn/,ϕpm,ϕpm,stn.
69,treen,en,verb,/ˈtɹin/,pym,pym,treen,chim,ro,verb,/kʲ̩im/,pym,pym,chyme
72,uap,id,adjective,/uap/,uɶp,uɶp,steam,gușat,ro,verb,/ɡuʃat/,uɶp,uɶp,goitrous
75,가드,ko,verb,/ka̠dɯ/,ɶu,pɶbu,Guard,babu,id,noun,/babu/,ɶu,bɶbu,Babu.
82,known,en,verb,/ˈnoʊn/,oʊm,moʊm,known,Bohrung,de,noun,/ˈboːʀʊŋ/,oʊm,boʊm,drilling
98,tight,en,adjective,/ˈtaɪt/,ɶʏp,pɶʏp,tight,Laib,de,noun,/laɪ̯p/,ɶʏp,lɶʏp,loaf
101,known,en,verb,/ˈnoʊn/,oʊm,moʊm,known,各种,zh-cn,adjective,/kɤ˥˩ ʈʂʊŋ˨˩˦/,oʊm,poʊm,Various
104,dawdy,en,adjective,/ˈdɔdi/,ɔy,bɔby,dawdy,너비,ko,verb,/nʌ̹bi/,ɔy,mɔby,width
13,doffs,en,verb,/ˈdɔfs/,ɔϕϕ,bɔϕϕ,doffs,Hofs,de,noun,/ˈhɔfs/,ɔϕϕ,rɔϕϕ,Farm
14,青い,ja,adjective,/aoi/,ɶoy,ɶoy,blue,알로기,ko,noun,/a̠ɭɭo̞ɡi/,ɶoy,ɶoy,Aliol
23,青い,ja,adjective,/aoi/,ɶoy,ɶoy,blue,알로기,ko,noun,/a̠ɭɭo̞ɡi/,ɶoy,ɶoy,Aliol
33,berat,id,adjective,/bərat/,əɶp,bərɶp,weight,behaart,de,verb,/bəˈhaːɾt/,əɶp,bərɶp,hairy
36,青い,ja,adjective,/aoi/,ɶoy,ɶoy,blue,알로기,ko,noun,/a̠ɭɭo̞ɡi/,ɶoy,ɶoy,Aliol
38,gaudy,en,adjective,/ˈɡɔdi/,ɔy,ɔby,gaudy,여디,ko,noun,/jʌ̹di/,ɔy,ɔby,Sagi
48,기도,ko,verb,/kido̞/,yo,pybo,Prayer,bido,eo,verb,/bido/,yo,bybo,bead
49,mereda,id,verb,/mərəda/,əəɶ,mərəbɶ,Deathfully,lăpăda,ro,verb,/ləpəda/,əəɶ,ləpəbɶ,LAPADAT
60,기본,ko,adjective,/kibo̞n/,yom,pybom,basic,bidon,ro,adjective,/bidon/,yom,bybom,canteen
63,벨트,ko,verb,/pe̞ɭtʰɯ/,øpu,pøpu,belt,kécu,id,noun,/ketʃu/,øpu,pøpu,robber
65,known,en,verb,/ˈnoʊn/,oʊm,moʊm,known,各种,zh-cn,adjective,/kɤ˥˩ ʈʂʊŋ˨˩˦/,oʊm,poʊm,Various
77,違う,ja,verb,/tagaɯ/,ɶɶu,pɶbɶu,Wrong,다다구,ko,noun,/ta̠da̠ɡu/,ɶɶu,pɶbɶu,Get it
79,pours,en,verb,/ˈpɔɹz/,ɔβ,pɔβ,pours,Storch,de,noun,/ʃtɔʁç/,ɔβ,pɔβ,stork
84,tease,en,verb,/ˈtiz/,yβ,pyβ,tease,Kiew,de,noun,/ˈkiːv/,yβ,pyβ,Kiev
90,atas,id,adjective,/atas/,ɶɶϕ,ɶpɶϕ,on,arcas,es,noun,/aɾkas/,ɶɶϕ,ɶpɶϕ,ARCAS.
97,known,en,verb,/ˈnoʊn/,oʊm,moʊm,known,各种,zh-cn,adjective,/kɤ˥˩ ʈʂʊŋ˨˩˦/,oʊm,poʊm,Various
99,mandi,id,verb,/mandi/,ɶmy,mɶmby,bath,Bambi,de,noun,/ˈbambi/,ɶmy,bɶmby,Bambi
100,bani,eo,verb,/bani/,ɶy,bɶmy,to bathe,banii,ro,noun,/banij/,ɶy,bɶmy,the money
101,미역,ko,verb,/mijʌ̹k̚/,yɔp,myɔp,Seaweed,begot,en,verb,/biˈɡɔt/,yɔp,byɔp,begot
8,짠,ko,verb,/t͡ɕ͈a̠n/,pϕɶm,pϕɶm,braided,傪,zh-cn,noun,/tsʰan˥˥/,pϕɶm,pϕɶm,Bamboo
15,spülen,de,verb,/ˈʃpyːln̩/,ylm,pylm,do the washing up,film,ro,noun,/film/,ylm,ϕylm,movie
24,青い,ja,adjective,/aoi/,ɶoy,ɶoy,blue,알로기,ko,noun,/a̠ɭɭo̞ɡi/,ɶoy,ɶoy,Aliol
26,tuned,en,verb,/ˈtund/,umb,pumb,tuned,bumb,ro,noun,/bumb/,umb,bumb,Bumble
29,sunny,en,adjective,/ˈsəni/,əy,ϕəmy,sunny,răni,ro,noun,/rəni/,əy,rəmy,wound
50,dulce,en,verb,/ˈdəɫs/,əϕ,bəϕ,dulce,des,de,,/dəs/,əϕ,bəϕ,of
69,흙,ko,verb,/xɯk̚/,up,ϕup,soil,suc,ro,noun,/suk/,up,ϕup,juice
72,danken,de,verb,/daˈŋkən/,ɶməm,bɶmpəm,to thank,banteng,id,noun,/bantəŋ/,ɶməm,bɶmpəm,bull
75,mooty,en,adjective,/ˈmuti/,uy,mupy,mooty,cutii,ro,noun,/kutij/,uy,pupy,boxes
85,bau,id,verb,/bau/,ɶu,bɶu,smell,ガール,ja,noun,/gaːɾɯ/,ɶu,bɶu,Girl
108,bight,en,adjective,/ˈbaɪt/,ɶʏp,bɶʏp,bight,Laib,de,noun,/laɪ̯p/,ɶʏp,lɶʏp,loaf
2,青い,ja,adjective,/aoi/,ɶoy,ɶoy,blue,알로기,ko,noun,/a̠ɭɭo̞ɡi/,ɶoy,ɶoy,Aliol
6,inert,en,adjective,/ˌɪˈnɝt/,ʏmp,ʏmp,inert,ringt,de,verb,/ˈɾɪŋt/,ʏmp,ʏmp,wrinkled
8,青い,ja,adjective,/aoi/,ɶoy,ɶoy,blue,알로기,ko,noun,/a̠ɭɭo̞ɡi/,ɶoy,ɶoy,Aliol
16,puŝi,eo,verb,/puʃi/,uy,puy,push,不渝,zh-cn,verb,/pu˥˩ y˧˥/,uy,puy,Not
24,vomi,eo,verb,/vomi/,oy,βomy,vomit,고니,ko,noun,/ko̞ni/,oy,pomy,swan
31,叙述,zh-cn,verb,/ɕy˥˩ ʂu˥˩/,yu,ϕyu,Narrate,seiyu,en,noun,/ˈsiju/,yu,ϕyu,seiyu
35,青い,ja,adjective,/aoi/,ɶoy,ɶoy,blue,알로기,ko,noun,/a̠ɭɭo̞ɡi/,ɶoy,ɶoy,Aliol
48,도금,ko,verb,/to̞ɡɯm/,oum,poum,Plated,Forum,de,noun,/ˈfoːɾum/,oum,ϕoum,Forum
49,hunch,en,verb,/ˈhəntʃ/,əmp,rəmp,hunch,bănci,ro,noun,/bəntʃʲ/,əmp,bəmp,bed
53,난로,ko,verb,/na̠ɭɭo̞/,ɶo,mɶo,Fireplace,mago,es,noun,/maɣo/,ɶo,mɶo,Wizard
56,known,en,verb,/ˈnoʊn/,oʊm,moʊm,known,各种,zh-cn,adjective,/kɤ˥˩ ʈʂʊŋ˨˩˦/,oʊm,poʊm,Various
60,reaps,en,verb,/ˈɹips/,ypϕ,ypϕ,reaps,iț,ro,noun,/its/,ypϕ,ypϕ,IT
61,刈る,ja,verb,/kaɾɯ/,ɶu,pɶu,mow,가구,ko,noun,/ka̠ɡu/,ɶu,pɶu,furniture
62,known,en,verb,/ˈnoʊn/,oʊm,moʊm,known,各种,zh-cn,adjective,/kɤ˥˩ ʈʂʊŋ˨˩˦/,oʊm,poʊm,Various
70,hears,en,verb,/ˈhiɹz/,yβ,ryβ,hears,huid,es,noun,/wið/,yβ,ryβ,Huid.
72,harry,en,verb,/ˈhɛɹi/,œy,rœy,harry,해일,ko,noun,/hɛ̝iɭ/,œy,rœy,Tsunami
74,사기,ko,adjective,/sʰa̠ɡi/,ϕɶy,ϕɶy,scam,下雨,zh-cn,verb,/ɕja˥˩ y˨˩˦/,ϕɶy,ϕɶy,rain
76,known,en,verb,/ˈnoʊn/,oʊm,moʊm,known,Bohrung,de,noun,/ˈboːʀʊŋ/,oʊm,boʊm,drilling
80,cater,en,verb,/ˈkeɪtɝ/,øʏp,pøʏp,cater,Kehricht,de,noun,/ˈkeɾɪçt/,øʏp,pøʏp,Wet
84,buruh,id,verb,/buruh/,uur,burur,Labor,buhur,ro,noun,/buhur/,uur,burur,Buhur
92,tease,en,verb,/ˈtiz/,yβ,pyβ,tease,Kiew,de,noun,/ˈkiːv/,yβ,pyβ,Kiev
95,青い,ja,adjective,/aoi/,ɶoy,ɶoy,blue,알로기,ko,noun,/a̠ɭɭo̞ɡi/,ɶoy,ɶoy,Aliol
10,sease,en,verb,/ˈsiz/,yβ,ϕyβ,sease,siv,ro,noun,/siv/,yβ,ϕyβ,hoary
13,works,en,verb,/ˈwɝks/,rpϕ,rpϕ,works,Hz,de,noun,/ˈhts/,rpϕ,rpϕ,Hz
17,weldy,en,adjective,/ˈwɛɫdi/,œy,rœby,weldy,대비,ko,verb,/tɛ̝bi/,œy,pœby,prepare
21,known,en,verb,/ˈnoʊn/,oʊm,moʊm,known,Bohrung,de,noun,/ˈboːʀʊŋ/,oʊm,boʊm,drilling
23,looks,en,verb,/ˈɫʊks/,ʊpϕ,ʊpϕ,looks,Rucks,de,noun,/ˈɾʊks/,ʊpϕ,ʊpϕ,Jolt
24,외모,ko,verb,/ø̞mo̞/,øo,ømo,look,heno,es,adjective,/eno/,øo,ømo,hay
29,青い,ja,adjective,/aoi/,ɶoy,ɶoy,blue,알로기,ko,noun,/a̠ɭɭo̞ɡi/,ɶoy,ɶoy,Aliol
35,gila,id,adjective,/gila/,yɶ,bylɶ,crazy,vila,eo,noun,/vila/,yɶ,βylɶ,Vila
39,thome,en,verb,/ˈθoʊm/,oʊm,ϕoʊm,thome,各种,zh-cn,adjective,/kɤ˥˩ ʈʂʊŋ˨˩˦/,oʊm,poʊm,Various
50,tease,en,verb,/ˈtiz/,yβ,pyβ,tease,Kiew,de,noun,/ˈkiːv/,yβ,pyβ,Kiev
53,reedy,en,verb,/ˈɹidi/,yy,yby,reedy,희비,ko,noun,/çibi/,yy,yby,Glamor
61,manis,id,adjective,/manis/,ɶyϕ,mɶmyϕ,sweet,barniz,es,verb,/baɾniθ/,ɶyϕ,bɶmyϕ,varnish
63,甘い,ja,adjective,/amai/,ɶɶy,ɶmɶy,sweet,amaĵi,eo,noun,/amaʒi/,ɶɶy,ɶmɶy,AMOTION
69,known,en,verb,/ˈnoʊn/,oʊm,moʊm,known,各种,zh-cn,adjective,/kɤ˥˩ ʈʂʊŋ˨˩˦/,oʊm,poʊm,Various
74,偷,zh-cn,verb,/tʰoʊ˥˥/,poʊ,poʊ,steal,cho,en,verb,/ˈtʃoʊ/,poʊ,poʊ,cho
75,태아,ko,adjective,/tʰɛ̝a̠/,pœɶ,pœɶ,fetus,铁叉,zh-cn,noun,/tʰjɛ˨˩˦ ʈʂʰa˥˥/,pœɶ,pœɶ,Iron fork
77,warnt,de,verb,/ˈvaɾnt/,ɶmp,βɶmp,warning,banc,ro,noun,/bank/,ɶmp,bɶmp,bank
85,kuda,id,verb,/kuda/,uɶ,pubɶ,horse,Kuba,de,noun,/ˈkuːba/,uɶ,pubɶ,Cuba
86,피리,ko,verb,/pʰiɾi/,pyy,pyy,Pipe,っ限り,ja,noun,/kːiɾi/,pyy,pyy,Minimal
89,拧,zh-cn,verb,/nɪŋ˧˥/,ʏm,mʏm,screw,mischen,de,verb,/ˈmɪʃn̩/,ʏm,mʏm,Mix
13,리드,ko,verb,/ɾidɯ/,yu,ybu,lead,ibu,id,noun,/ibu/,yu,ybu,mother
14,führt,de,verb,/ˈfyɾt/,yp,ϕyp,leads,șfichi,ro,noun,/ʃfikʲ̩ʲ/,yp,ϕyp,swish
36,cairn,en,adjective,/ˈkɛɹn/,œm,pœm,cairn,갬,ko,noun,/kɛ̝m/,œm,pœm,Gamba
53,known,en,verb,/ˈnoʊn/,oʊm,moʊm,known,各种,zh-cn,adjective,/kɤ˥˩ ʈʂʊŋ˨˩˦/,oʊm,poʊm,Various
58,slava,en,adjective,/ˈsɫɑvə/,ϕɑə,ϕɒβə,slava,Phrase,de,noun,/ˈfɾɑːzə/,ϕɑə,ϕɒβə,phrase
59,叙述,zh-cn,verb,/ɕy˥˩ ʂu˥˩/,yu,ϕyu,Narrate,seiyu,en,noun,/ˈsiju/,yu,ϕyu,seiyu
69,warnt,de,verb,/ˈvaɾnt/,ɶmp,βɶmp,warning,banc,ro,noun,/bank/,ɶmp,bɶmp,bank
76,looks,en,verb,/ˈɫʊks/,ʊpϕ,ʊpϕ,looks,Rucks,de,noun,/ˈɾʊks/,ʊpϕ,ʊpϕ,Jolt
77,외모,ko,verb,/ø̞mo̞/,øo,ømo,look,emo,eo,noun,/emo/,øo,ømo,emo
84,cease,en,verb,/ˈsis/,yϕ,ϕyϕ,cease,fies,de,verb,/fiːs/,yϕ,ϕyϕ,fies
91,華やか,ja,adjective,/hanajaka/,ɶɶɶɶ,rɶmɶɶpɶ,Glamorous,aparataj,ro,noun,/aparataʒ/,ɶɶɶɶ,ɶpɶrɶpɶ,APPARATUS
92,強引,ja,adjective,/goɯiɴ/,ouy,bouy,Forgery,볼룩이,ko,noun,/po̞ɭɭuɡi/,ouy,pouy,Bonke
100,무릎,ko,verb,/muɾɯp̚/,uup,muup,knee,buyut,id,verb,/bujut/,uup,buup,Buying
109,青い,ja,adjective,/aoi/,ɶoy,ɶoy,blue,알로기,ko,noun,/a̠ɭɭo̞ɡi/,ɶoy,ɶoy,Aliol
2,foret,en,adjective,/ˈfɔɹɛt/,ɔœp,ϕɔœp,foret,거액,ko,noun,/kʌ̹ɛ̝k̚/,ɔœp,pɔœp,mint
36,lose,de,adjective,/ˈloːzə/,oə,loβə,loose,roză,ro,noun,/rozə/,oə,roβə,rose
43,不安,zh-cn,verb,/pu˥˩ an˥˥/,uɶm,puɶm,disturbed,curan,es,verb,/kuɾan/,uɶm,puɶm,cure
49,knote,de,verb,/ˈknoːtə/,poə,pmopə,knot,cloșcă,ro,adjective,/kloʃkə/,poə,plopə,hen
53,barra,en,verb,/ˈbɑɹə/,ɑə,bɒə,barra,Bahre,de,adjective,/ˈbɑɾə/,ɑə,bɒə,stretcher
59,waite,en,adjective,/ˈweɪt/,øʏp,røʏp,waite,Kehricht,de,noun,/ˈkeɾɪçt/,øʏp,pøʏp,Wet
62,무릎,ko,verb,/muɾɯp̚/,uup,muup,knee,buyut,id,verb,/bujut/,uup,buup,Buying
64,heady,en,adjective,/ˈhɛdi/,œy,rœby,heady,Teddy,de,noun,/ˈtɛdy/,œy,pœby,Teddy
75,발가락,ko,verb,/pa̠ɭɡa̠ɾa̠k̚/,ɶɶɶp,pɶɶɶp,toes,Apparat,de,noun,/apaˈʀaːt/,ɶɶɶp,ɶpɶɶp,apparatus
91,knock,en,verb,/ˈnɑk/,ɑp,mɒp,knock,Mac,de,noun,/ˈmɑːk/,ɑp,mɒp,Mac
94,morse,en,verb,/ˈmɔɹs/,ɔϕ,mɔϕ,morse,noch,de,,/nɔx/,ɔϕ,mɔϕ,still
96,darby,en,adjective,/ˈdɑɹbi/,ɑy,bɒby,darby,Kadi,de,noun,/ˈkɑːdi/,ɑy,pɒby,Kadi
106,pores,en,verb,/ˈpɔɹz/,ɔβ,pɔβ,pores,Storch,de,noun,/ʃtɔʁç/,ɔβ,pɔβ,stork
108,thome,en,verb,/ˈθoʊm/,oʊm,ϕoʊm,thome,Bohrung,de,noun,/ˈboːʀʊŋ/,oʊm,boʊm,drilling
3,known,en,verb,/ˈnoʊn/,oʊm,moʊm,known,Bohrung,de,noun,/ˈboːʀʊŋ/,oʊm,boʊm,drilling
7,known,en,verb,/ˈnoʊn/,oʊm,moʊm,known,各种,zh-cn,adjective,/kɤ˥˩ ʈʂʊŋ˨˩˦/,oʊm,poʊm,Various
16,luar,id,adjective,/luar/,uɶr,luɶr,Outside,fugar,ro,noun,/fuɡar/,uɶr,ϕuɶr,fugitive
19,맛,ko,adjective,/ma̠t̚/,ɶp,mɶp,flavor,map,id,noun,/map/,ɶp,mɶp,folder
21,wol,id,verb,/wol/,ol,rol,wool,hol,ro,noun,/hol/,ol,rol,hall
23,무게,ko,adjective,/muɡe̞/,uø,muø,weight,mué,es,noun,/muˈe/,uø,muø,Mue.
24,bobot,id,adjective,/bobot/,oop,bobop,weight,boboc,ro,noun,/bobok/,oop,bobop,bud
37,wazir,id,adjective,/wazir/,ɶyr,rɶβyr,vizier,nazir,ro,adjective,/nazir/,ɶyr,mɶβyr,Nazir
39,harry,en,verb,/ˈhɛɹi/,œy,rœy,harry,해일,ko,noun,/hɛ̝iɭ/,œy,rœy,Tsunami
41,그릇,ko,verb,/kɯɾɯt̚/,uup,puup,Bowl,buyut,id,verb,/bujut/,uup,buup,Buying
52,干瘪,zh-cn,verb,/kan˥˥ pjɛ˨˩˦/,ɶmpœ,pɶmpœ,shriveled,낭패,ko,noun,/na̠ŋpʰɛ̝/,ɶmpœ,mɶmpœ,failure
54,青い,ja,adjective,/aoi/,ɶoy,ɶoy,blue,알로기,ko,noun,/a̠ɭɭo̞ɡi/,ɶoy,ɶoy,Aliol
80,青い,ja,adjective,/aoi/,ɶoy,ɶoy,blue,알로기,ko,noun,/a̠ɭɭo̞ɡi/,ɶoy,ɶoy,Aliol
84,known,en,verb,/ˈnoʊn/,oʊm,moʊm,known,各种,zh-cn,adjective,/kɤ˥˩ ʈʂʊŋ˨˩˦/,oʊm,poʊm,Various
97,난로,ko,verb,/na̠ɭɭo̞/,ɶo,mɶo,Fireplace,なをん,ja,noun,/naoɴ/,ɶo,mɶo,Nausea
2,fight,en,verb,/ˈfaɪt/,ɶʏp,ϕɶʏp,fight,Laib,de,noun,/laɪ̯p/,ɶʏp,lɶʏp,loaf
9,warnt,de,verb,/ˈvaɾnt/,ɶmp,βɶmp,warning,kamp,id,noun,/kamp/,ɶmp,pɶmp,camp
16,사기,ko,adjective,/sʰa̠ɡi/,ϕɶy,ϕɶy,scam,下雨,zh-cn,verb,/ɕja˥˩ y˨˩˦/,ϕɶy,ϕɶy,rain
17,moral,en,adjective,/ˈmɔɹəɫ/,ɔə,mɔə,moral,morsche,de,adjective,/ˈmɔɾʃə/,ɔə,mɔə,Morsche
25,known,en,verb,/ˈnoʊn/,oʊm,moʊm,known,各种,zh-cn,adjective,/kɤ˥˩ ʈʂʊŋ˨˩˦/,oʊm,poʊm,Various
27,兴,zh-cn,verb,/ɕɪŋ˥˥/,ʏm,ϕʏm,Be,fing,de,verb,/ˈfɪŋ/,ʏm,ϕʏm,fingering
28,tidal,en,adjective,/ˈtaɪdəɫ/,ɶʏə,pɶʏbə,tidal,beide,de,noun,/ˈbaɪ̯.də/,ɶʏə,bɶʏbə,both
55,shown,en,verb,/ˈʃoʊn/,oʊm,oʊm,shown,折中,zh-cn,adjective,/ʈʂɤ˧˥ ʈʂʊŋ˥˥/,oʊm,oʊm,compromise
57,morse,en,verb,/ˈmɔɹs/,ɔϕ,mɔϕ,morse,noch,de,,/nɔx/,ɔϕ,mɔϕ,still
67,sunny,en,adjective,/ˈsəni/,əy,ϕəmy,sunny,răni,ro,noun,/rəni/,əy,rəmy,wound
71,bersatu,id,verb,/bərsatu/,ərɶu,bərϕɶpu,unite,bărbatu,ro,adjective,/bərbatu/,ərɶu,bərbɶpu,husband
76,tinggi,id,adjective,/tiŋgi/,ymy,pymby,high,bindi,eo,noun,/bindi/,ymy,bymby,bindi
79,tuned,en,verb,/ˈtund/,umb,pumb,tuned,bumb,ro,noun,/bumb/,umb,bumb,Bumble
82,petal,en,adjective,/ˈpɛtəɫ/,œə,pœpə,petal,ächte,de,verb,/ˈʔɛçtə/,œə,bœpə,owe
84,dwelt,en,verb,/ˈdwɛɫt/,bœp,brœp,dwelt,brecht,de,verb,/ˈbrɛçt/,bœp,brœp,Brecht
99,tease,en,verb,/ˈtiz/,yβ,pyβ,tease,Kiew,de,noun,/ˈkiːv/,yβ,pyβ,Kiev
102,bau,id,verb,/bau/,ɶu,bɶu,smell,ガール,ja,noun,/gaːɾɯ/,ɶu,bɶu,Girl
105,刈る,ja,verb,/kaɾɯ/,ɶu,pɶu,mow,paú,es,noun,/paˈu/,ɶu,pɶu,pau
0,둥이,ko,verb,/tuŋi/,uy,pumy,Round,Uni,de,noun,/ˈʔuːni/,uy,bumy,University
4,dicky,en,adjective,/ˈdɪki/,ʏy,bʏpy,dicky,City,de,noun,/ˈsɪti/,ʏy,ϕʏpy,City
12,picks,en,verb,/ˈpɪks/,ʏpϕ,pʏpϕ,picks,Dirks,de,noun,/ˈdɪɾks/,ʏpϕ,bʏpϕ,Dirks
29,hurts,en,verb,/ˈhɝts/,rpϕ,rpϕ,hurts,Hz,de,noun,/ˈhts/,rpϕ,rpϕ,Hz
38,nea,eo,adjective,/nea/,øɶ,møɶ,ne,メーラ,ja,noun,/meːɾa/,øɶ,møɶ,Mailer
40,무릎,ko,verb,/muɾɯp̚/,uup,muup,knee,buyut,id,verb,/bujut/,uup,buup,Buying
41,귀의,ko,adjective,/kɥiɰi/,pyy,pyy,otic,っ限り,ja,noun,/kːiɾi/,pyy,pyy,Minimal
51,青い,ja,adjective,/aoi/,ɶoy,ɶoy,blue,알로기,ko,noun,/a̠ɭɭo̞ɡi/,ɶoy,ɶoy,Aliol
57,tilde,en,verb,/ˈtɪɫdə/,ʏə,pʏbə,tilde,Bürde,de,noun,/ˈbʏɾdə/,ʏə,bʏbə,burden
61,青い,ja,adjective,/aoi/,ɶoy,ɶoy,blue,알로기,ko,noun,/a̠ɭɭo̞ɡi/,ɶoy,ɶoy,Aliol
68,hoofs,en,adjective,/ˈhufs/,uϕϕ,ruϕϕ,hoofs,Buchs,de,noun,/buːχs/,uϕϕ,buϕϕ,Book
82,spurt,en,verb,/ˈspɝt/,ϕpp,ϕpp,spurt,ftp,de,verb,/ˈftp/,ϕpp,ϕpp,FTP
85,known,en,verb,/ˈnoʊn/,oʊm,moʊm,known,Bohrung,de,noun,/ˈboːʀʊŋ/,oʊm,boʊm,drilling
87,mereda,id,verb,/mərəda/,əəɶ,mərəbɶ,Deathfully,lăpăda,ro,verb,/ləpəda/,əəɶ,ləpəbɶ,LAPADAT
88,노비,ko,adjective,/no̞bi/,oy,moby,Novi,dodii,ro,noun,/dodij/,oy,boby,tongues
19,morse,en,verb,/ˈmɔɹs/,ɔϕ,mɔϕ,morse,noch,de,,/nɔx/,ɔϕ,mɔϕ,still
21,溺爱,zh-cn,verb,/ni˥˩ aɪ˥˩/,yɶʏ,myɶʏ,spoil,seelye,en,verb,/ˈsiˌɫaɪ/,yɶʏ,ϕyɶʏ,seelye
29,wears,en,verb,/ˈwɛɹz/,œβ,rœβ,wears,Herr,de,noun,/hɛʁ/,œβ,rœβ,Mr
53,bible,en,adjective,/ˈbaɪbəɫ/,ɶʏə,bɶʏbə,bible,beide,de,noun,/ˈbaɪ̯.də/,ɶʏə,bɶʏbə,both
57,uzi,eo,verb,/uzi/,uy,uβy,to use,urdí,es,adjective,/uˈɾði/,uy,uβy,urgent
65,낫,ko,adjective,/na̠t̚/,ɶp,mɶp,sickle,nascht,de,verb,/ˈnaʃt/,ɶp,mɶp,nasty
76,reaps,en,verb,/ˈɹips/,ypϕ,ypϕ,reaps,iț,ro,noun,/its/,ypϕ,ypϕ,IT
77,刈る,ja,verb,/kaɾɯ/,ɶu,pɶu,mow,paú,es,noun,/paˈu/,ɶu,pɶu,pau
85,青い,ja,adjective,/aoi/,ɶoy,ɶoy,blue,알로기,ko,noun,/a̠ɭɭo̞ɡi/,ɶoy,ɶoy,Aliol
90,punch,en,verb,/ˈpəntʃ/,əmp,pəmp,punch,Bernd,de,noun,/bəˈɾnt/,əmp,bəmp,Bernd
97,known,en,verb,/ˈnoʊn/,oʊm,moʊm,known,Bohrung,de,noun,/ˈboːʀʊŋ/,oʊm,boʊm,drilling
100,cheap,en,adjective,/ˈtʃip/,pyp,pyp,cheap,chip,es,verb,/tʃip/,pyp,pyp,chip
0,lezat,id,adjective,/ləzat/,əɶp,ləβɶp,delicious,bewarb,de,verb,/bəˈvaɾp/,əɶp,bəβɶp,applied
2,rubel,en,verb,/ˈɹubəɫ/,uə,ubə,rubel,gubă,ro,noun,/ɡubə/,uə,ubə,Guba
6,얇은,ko,verb,/ja̠ɭbɯn/,ɶum,ɶbum,thin,abun,id,verb,/abun/,ɶum,ɶbum,Abun
27,known,en,verb,/ˈnoʊn/,oʊm,moʊm,known,Bohrung,de,noun,/ˈboːʀʊŋ/,oʊm,boʊm,drilling
38,팁,ko,verb,/tʰip̚/,pyp,pyp,tip,ĉit,eo,noun,/t͡ʃit/,pyp,pyp,cum
53,seeks,en,verb,/ˈsiks/,ypϕ,ϕypϕ,seeks,Diebs,de,noun,/ˈdiːps/,ypϕ,bypϕ,Thief
59,塞,zh-cn,verb,/saɪ˥˥/,ɶʏ,ϕɶʏ,Plug,cy,en,noun,/ˈsaɪ/,ɶʏ,ϕɶʏ,cy
71,seeks,en,verb,/ˈsiks/,ypϕ,ϕypϕ,seeks,bits,es,noun,/bits/,ypϕ,bypϕ,bits
72,辩,zh-cn,verb,/pjɛn˥˩/,pœm,pœm,debate,Björn,de,noun,/ˈpjœɾn/,pœm,pœm,Björn
73,tuko,eo,verb,/tuko/,uo,pupo,towel,Tutor,de,noun,/ˈtuːtoɾ/,uo,pupo,tutor
2,atas,id,adjective,/atas/,ɶɶϕ,ɶpɶϕ,on,arcas,es,noun,/aɾkas/,ɶɶϕ,ɶpɶϕ,ARCAS.
3,supra,eo,adjective,/supra/,upɶ,ϕuprɶ,upper,국화,ko,noun,/kukʰwa̠/,upɶ,puprɶ,Chrysanthemum
12,reeks,en,verb,/ˈɹiks/,ypϕ,ypϕ,reeks,iț,ro,noun,/its/,ypϕ,ypϕ,IT
16,青い,ja,adjective,/aoi/,ɶoy,ɶoy,blue,알로기,ko,noun,/a̠ɭɭo̞ɡi/,ɶoy,ɶoy,Aliol
23,buruh,id,verb,/buruh/,uur,burur,Labor,buhur,ro,noun,/buhur/,uur,burur,Buhur
27,苎麻,zh-cn,verb,/ʈʂu˥˩ ma˧˥/,uɶ,umɶ,Ramie,guma,ro,noun,/ɡuma/,uɶ,umɶ,gum
28,rami,id,verb,/rami/,ɶy,rɶmy,hemp,cañí,es,noun,/kaˈɲi/,ɶy,pɶmy,Cañí.
33,goofy,en,verb,/ˈɡufi/,uy,uϕy,goofy,储蓄,zh-cn,noun,/ʈʂʰu˧˥ ɕy˥˩/,uy,uϕy,Savings
50,known,en,verb,/ˈnoʊn/,oʊm,moʊm,known,Bohrung,de,noun,/ˈboːʀʊŋ/,oʊm,boʊm,drilling
54,weldy,en,adjective,/ˈwɛɫdi/,œy,rœby,weldy,대비,ko,verb,/tɛ̝bi/,œy,pœby,prepare
56,바보,ko,verb,/pa̠bo̞/,ɶo,pɶbo,Fool,baboi,ro,noun,/baboj/,ɶo,bɶbo,grimalkin
58,known,en,verb,/ˈnoʊn/,oʊm,moʊm,known,各种,zh-cn,adjective,/kɤ˥˩ ʈʂʊŋ˨˩˦/,oʊm,poʊm,Various
63,wooed,en,adjective,/ˈwud/,ub,rub,wooed,rugi,ro,,/rudʒʲ/,ub,rub,supplications
78,razi,eo,verb,/razi/,ɶy,rɶβy,shave,cadí,es,noun,/kaˈði/,ɶy,pɶβy,cadi
83,ready,en,adjective,/ˈɹɛdi/,œy,œby,ready,애비,ko,noun,/ɛ̝bi/,œy,œby,Abby
84,siap,id,adjective,/siap/,yɶp,ϕyɶp,Ready,diac,ro,noun,/diak/,yɶp,byɶp,diac
89,meant,en,verb,/ˈmɛnt/,œmp,mœmp,meant,Camp,de,noun,/kɛmp/,œmp,pœmp,Camp
97,弱い,ja,adjective,/joɰᵝai/,oɶy,oɶy,weak,호라이,ko,noun,/ɸʷo̞ɾa̠i/,oɶy,oɶy,Hori
99,known,en,verb,/ˈnoʊn/,oʊm,moʊm,known,Bohrung,de,noun,/ˈboːʀʊŋ/,oʊm,boʊm,drilling
104,sah,id,adjective,/sah/,ɶr,ϕɶr,legitimate,far,ro,noun,/far/,ɶr,ϕɶr,lighthouse
106,반란,ko,verb,/pa̠ɭɭa̠n/,ɶɶm,pɶɶm,Rebellion,发展,zh-cn,verb,/fa˥˥ ʈʂan˨˩˦/,ɶɶm,ϕɶɶm,development of
109,lose,de,adjective,/ˈloːzə/,oə,loβə,loose,roză,ro,noun,/rozə/,oə,roβə,rose
121,wield,en,verb,/ˈwiɫd/,yb,ryb,wield,rid,ro,noun,/rid/,yb,ryb,wrinkle
4,bau,id,verb,/bau/,ɶu,bɶu,smell,baŭ,eo,verb,/bau/,ɶu,bɶu,ba
7,闻,zh-cn,verb,/uən˧˥/,uəm,uəm,smell,ewan,en,adjective,/ˈjuən/,uəm,uəm,ewan
9,warnt,de,verb,/ˈvaɾnt/,ɶmp,βɶmp,warning,kamp,id,noun,/kamp/,ɶmp,pɶmp,camp
16,creak,en,verb,/ˈkɹik/,pyp,pyp,creak,chip,es,verb,/tʃip/,pyp,pyp,chip
23,사기,ko,adjective,/sʰa̠ɡi/,ϕɶy,ϕɶy,scam,下雨,zh-cn,verb,/ɕja˥˩ y˨˩˦/,ϕɶy,ϕɶy,rain
28,hardy,en,adjective,/ˈhɑɹdi/,ɑy,rɒby,hardy,Kadi,de,noun,/ˈkɑːdi/,ɑy,pɒby,Kadi
30,kuat,id,adjective,/kuat/,uɶp,puɶp,strong,buiac,ro,noun,/bujak/,uɶp,buɶp,lungs
49,bagus,id,adjective,/bagus/,ɶuϕ,bɶbuϕ,very nice,Argus,de,noun,/ˈʔaɾgus/,ɶuϕ,bɶbuϕ,Argus
51,보리,ko,verb,/po̞ɾi/,oy,poy,barley,コーヒー,ja,noun,/koːçiː/,oy,poy,coffee
60,팬,ko,verb,/pʰɛ̝n/,pœm,pœm,Pan,Björn,de,noun,/ˈpjœɾn/,pœm,pœm,Björn
63,touch,en,verb,/ˈtətʃ/,əp,pəp,touch,kep,id,noun,/kəp/,əp,pəp,Kep.
66,触碰,zh-cn,verb,/ʈʂʰu˥˩ pʰɤŋ˥˩/,upom,upom,Touch,류통,ko,noun,/ɾjutʰo̞ŋ/,upom,upom,Ryuton
71,하류,ko,verb,/ha̠ɾju/,ɶu,rɶu,downstream,rayu,id,noun,/raju/,ɶu,rɶu,Rayu.
90,known,en,verb,/ˈnoʊn/,oʊm,moʊm,known,各种,zh-cn,adjective,/kɤ˥˩ ʈʂʊŋ˨˩˦/,oʊm,poʊm,Various
93,tight,en,adjective,/ˈtaɪt/,ɶʏp,pɶʏp,tight,Laib,de,noun,/laɪ̯p/,ɶʏp,lɶʏp,loaf
97,mulch,en,verb,/ˈməɫtʃ/,əp,məp,mulch,măști,ro,noun,/məʃtʲ/,əp,məp,masks
100,fali,eo,verb,/fali/,ɶy,ϕɶly,fall,bali,id,adjective,/bali/,ɶy,bɶly,Bali
10,gaudy,en,adjective,/ˈɡɔdi/,ɔy,ɔby,gaudy,여디,ko,noun,/jʌ̹di/,ɔy,ɔby,Sagi
12,uap,id,adjective,/uap/,uɶp,uɶp,steam,gușat,ro,verb,/ɡuʃat/,uɶp,uɶp,goitrous
16,青い,ja,adjective,/aoi/,ɶoy,ɶoy,blue,알로기,ko,noun,/a̠ɭɭo̞ɡi/,ɶoy,ɶoy,Aliol
27,spülen,de,verb,/ˈʃpyːln̩/,ylm,pylm,do the washing up,film,ro,noun,/film/,ylm,ϕylm,movie
47,who'd,en,verb,/ˈhud/,ub,rub,who'd,rugi,ro,,/rudʒʲ/,ub,rub,supplications
52,known,en,verb,/ˈnoʊn/,oʊm,moʊm,known,Bohrung,de,noun,/ˈboːʀʊŋ/,oʊm,boʊm,drilling
57,laŭ,eo,verb,/lau/,ɶu,lɶu,According to,蜡烛,zh-cn,noun,/la˥˩ ʈʂu˧˥/,ɶu,lɶu,candle
65,goyah,id,adjective,/gojah/,oɶr,boɶr,Shaky,boșar,ro,noun,/boʃar/,oɶr,boɶr,Bosar
70,known,en,verb,/ˈnoʊn/,oʊm,moʊm,known,各种,zh-cn,adjective,/kɤ˥˩ ʈʂʊŋ˨˩˦/,oʊm,poʊm,Various
77,preen,en,verb,/ˈpɹin/,pym,pym,preen,kriechen,de,verb,/ˈkʀiːçn̩/,pym,pym,crawl
97,nitty,en,adjective,/ˈnɪti/,ʏy,mʏpy,nitty,City,de,noun,/ˈsɪti/,ʏy,ϕʏpy,City
99,known,en,verb,/ˈnoʊn/,oʊm,moʊm,known,各种,zh-cn,adjective,/kɤ˥˩ ʈʂʊŋ˨˩˦/,oʊm,poʊm,Various
106,흑인,ko,verb,/xɯɡin/,uym,ϕuym,black,suin,ro,noun,/suin/,uym,ϕuym,swine
108,clott,en,adjective,/ˈkɫɑt/,pɑp,pɒp,clott,Prag,de,noun,/ˈpɾɑːk/,pɑp,pɒp,Prague
111,bau,id,verb,/bau/,ɶu,bɶu,smell,baŭ,eo,verb,/bau/,ɶu,bɶu,ba
115,tuned,en,verb,/ˈtund/,umb,pumb,tuned,bumb,ro,noun,/bumb/,umb,bumb,Bumble
1,schreie,de,adjective,/ʃˈɾəiː/jə/,əyə,əyə,scream,aliyah,en,noun,/əˈɫiə/,əyə,əyə,aliyah
12,burek,en,verb,/ˈbɛɹɪk/,œʏp,bœʏp,burek,Stechschritt,de,noun,/ˈʃtɛçʃɾɪt/,œʏp,pœʏp,Lancing step
43,known,en,verb,/ˈnoʊn/,oʊm,moʊm,known,Bohrung,de,noun,/ˈboːʀʊŋ/,oʊm,boʊm,drilling
52,발톱,ko,verb,/pa̠ɭtʰo̞p̚/,ɶpop,pɶpop,toenail,abschob,de,verb,/ˈʔapˌʃoːp/,ɶpop,bɶpop,shot
60,지우,ko,verb,/t͡ɕiu/,pyu,pϕyu,Jiwoo,チーフ,ja,noun,/tɕiːɸɯ/,pyu,pϕyu,chief
62,摆,zh-cn,verb,/paɪ˨˩˦/,ɶʏ,pɶʏ,put,cai,en,noun,/ˈkaɪ/,ɶʏ,pɶʏ,cai
83,괴물,ko,verb,/kø̞muɭ/,øu,pømu,monster,ゲーム,ja,noun,/geːmɯ/,øu,bømu,game
87,treat,en,verb,/ˈtɹit/,pyp,pyp,treat,chip,ro,noun,/kʲ̩ip/,pyp,pyp,way
91,witty,en,adjective,/ˈwɪti/,ʏy,rʏpy,witty,City,de,noun,/ˈsɪti/,ʏy,ϕʏpy,City
5,毕业,zh-cn,verb,/pi˥˩ jɛ˥˩/,yœ,pyœ,graduation,pierre,en,noun,/piˈɛɹ/,yœ,pyœ,pierre
12,绫,zh-cn,verb,/lɪŋ˧˥/,ʏm,lʏm,Thin silk,schlimm,de,,/ʃlɪm/,ʏm,lʏm,bad
13,ready,en,adjective,/ˈɹɛdi/,œy,œby,ready,애비,ko,noun,/ɛ̝bi/,œy,œby,Abby
15,siap,id,adjective,/siap/,yɶp,ϕyɶp,Ready,Tierart,de,noun,/ˈtiːɾaɾt/,yɶp,pyɶp,Species
24,who'd,en,verb,/ˈhud/,ub,rub,who'd,rugi,ro,,/rudʒʲ/,ub,rub,supplications
25,known,en,verb,/ˈnoʊn/,oʊm,moʊm,known,各种,zh-cn,adjective,/kɤ˥˩ ʈʂʊŋ˨˩˦/,oʊm,poʊm,Various
28,wol,id,verb,/wol/,ol,rol,wool,hol,ro,noun,/hol/,ol,rol,hall
29,warnt,de,verb,/ˈvaɾnt/,ɶmp,βɶmp,warning,kamp,id,noun,/kamp/,ɶmp,pɶmp,camp
32,아들,ko,verb,/a̠dɯɭ/,ɶu,ɶbu,son,あん分,ja,noun,/aɴbɯɴ/,ɶu,ɶbu,Choice
33,흙,ko,verb,/xɯk̚/,up,ϕup,soil,sup,id,noun,/sup/,up,ϕup,soup
36,기한,ko,verb,/kiɦa̠n/,yɶm,pyɶm,deadline,bigam,ro,adjective,/biɡam/,yɶm,byɶm,bigamist
45,renal,en,adjective,/ˈɹinəɫ/,yə,ymə,renal,rühme,de,verb,/ˈɾymə/,yə,ymə,pretty
52,sanca,id,adjective,/santʃa/,ɶmpɶ,ϕɶmpɶ,Sanca,간파,ko,noun,/ka̠npʰa̠/,ɶmpɶ,pɶmpɶ,detection
61,編む,ja,verb,/amɯ/,ɶu,ɶmu,Knock,amu,ro,noun,/amu/,ɶu,ɶmu,amu
63,흐린,ko,adjective,/xɯɾin/,uym,ϕuym,cloudy,Urin,de,noun,/ˈʔuːɾin/,uym,buym,urine
66,fuzzy,en,adjective,/ˈfəzi/,əy,ϕəβy,fuzzy,Geschwür,de,noun,/gəˈʃvyːɾ/,əy,bəβy,ulcer
67,ファジー,ja,adjective,/ɸadʑiː/,ɶby,ɶbβy,fuzzy,라지,ko,adjective,/ɾa̠d͡ʑi/,ɶby,ɶbβy,large
72,gagak,id,verb,/gagaʔ/,ɶɶb,bɶbɶb,Raven,nabab,ro,adjective,/nabab/,ɶɶb,mɶbɶb,nabob
93,finer,en,adjective,/ˈfaɪnɝ/,ɶʏm,ϕɶʏm,finer,dein,de,noun,/daɪ̯n/,ɶʏm,bɶʏm,your
100,doffs,en,verb,/ˈdɔfs/,ɔϕϕ,bɔϕϕ,doffs,Hofs,de,noun,/ˈhɔfs/,ɔϕϕ,rɔϕϕ,Farm
101,刈る,ja,verb,/kaɾɯ/,ɶu,pɶu,mow,paú,es,noun,/paˈu/,ɶu,pɶu,pau
103,reaps,en,verb,/ˈɹips/,ypϕ,ypϕ,reaps,iț,ro,noun,/its/,ypϕ,ypϕ,IT
107,duked,en,verb,/ˈdukt/,upp,bupp,duked,duct,ro,verb,/dukt/,upp,bupp,ducts
1,지우,ko,verb,/t͡ɕiu/,pyu,pϕyu,Jiwoo,举箸,zh-cn,noun,/tɕy˨˩˦ ʈʂu˥˩/,pyu,pϕyu,Lift
15,スロー,ja,adjective,/sɯɾoː/,uo,ϕuo,Slot,宿舍,zh-cn,noun,/su˥˩ ʂɤ˥˩/,uo,ϕuo,dorm room
18,throw,en,verb,/ˈθɹoʊ/,ϕoʊ,ϕoʊ,throw,休,zh-cn,verb,/ɕjoʊ˥˥/,ϕoʊ,ϕoʊ,Take a break
19,ĵeti,eo,verb,/ʒeti/,øy,øpy,to throw,epi,es,noun,/epi/,øy,øpy,EPI
23,hunch,en,verb,/ˈhəntʃ/,əmp,rəmp,hunch,Bernd,de,noun,/bəˈɾnt/,əmp,bəmp,Bernd
28,known,en,verb,/ˈnoʊn/,oʊm,moʊm,known,各种,zh-cn,adjective,/kɤ˥˩ ʈʂʊŋ˨˩˦/,oʊm,poʊm,Various
31,urman,en,adjective,/ˈɝmən/,əm,məm,urman,meng,id,noun,/məŋ/,əm,məm,Meng.
46,건,ko,verb,/kʌ̹n/,ɔm,pɔm,key,komm,de,verb,/kɔm/,ɔm,pɔm,come over
48,wooed,en,adjective,/ˈwud/,ub,rub,wooed,rugi,ro,,/rudʒʲ/,ub,rub,supplications
53,nicer,en,adjective,/ˈnaɪsɝ/,ɶʏϕ,mɶʏϕ,nicer,Eis,de,noun,/ʔaɪ̯s/,ɶʏϕ,bɶʏϕ,ice
62,보류,ko,verb,/po̞ɾju/,ou,pou,Hold,得主,zh-cn,noun,/tɤ˧˥ ʈʂu˨˩˦/,ou,pou,Winner
69,도료,ko,adjective,/to̞ɾjo/,oo,poo,varnish,割舍,zh-cn,verb,/kɤ˥˥ ʂɤ˨˩˦/,oo,poo,Cut
71,sah,id,adjective,/sah/,ɶr,ϕɶr,legitimate,far,ro,noun,/far/,ɶr,ϕɶr,lighthouse
78,klik,id,verb,/ʔliʔ/,byb,blyb,click,blid,ro,noun,/blid/,byb,blyb,dish
89,spülen,de,verb,/ˈʃpyːln̩/,ylm,pylm,do the washing up,film,ro,noun,/film/,ylm,ϕylm,movie
95,schreie,de,adjective,/ʃˈɾəiː/jə/,əyə,əyə,scream,aliyah,en,noun,/əˈɫiə/,əyə,əyə,aliyah
101,귀의,ko,adjective,/kɥiɰi/,pyy,pyy,otic,っ限り,ja,noun,/kːiɾi/,pyy,pyy,Minimal
0,유무,ko,verb,/jumu/,uu,umu,The presence or absence,ルーム,ja,noun,/ɾɯːmɯ/,uu,umu,Room
5,陷,zh-cn,verb,/ɕjɛn˥˩/,ϕœm,ϕœm,trap,샘,ko,noun,/sʰɛ̝m/,ϕœm,ϕœm,fountain
16,babi,id,verb,/babi/,ɶy,bɶby,pig,갈비,ko,noun,/ka̠ɭbi/,ɶy,pɶby,rib
19,viral,en,adjective,/ˈvaɪɹəɫ/,ɶʏə,βɶʏə,viral,beige,de,adjective,/ˈbaɪ̯ɡə/,ɶʏə,bɶʏə,beige
21,刈る,ja,verb,/kaɾɯ/,ɶu,pɶu,mow,paú,es,noun,/paˈu/,ɶu,pɶu,pau
30,luar,id,adjective,/luar/,uɶr,luɶr,Outside,fugar,ro,noun,/fuɡar/,uɶr,ϕuɶr,fugitive
46,known,en,verb,/ˈnoʊn/,oʊm,moʊm,known,Bohrung,de,noun,/ˈboːʀʊŋ/,oʊm,boʊm,drilling
57,挡,zh-cn,verb,/tɑŋ˨˩˦/,ɑm,pɒm,block,kam,de,verb,/ˈkɑːm/,ɑm,pɒm,came
68,fitch,en,verb,/ˈfɪtʃ/,ʏp,ϕʏp,fitch,ficht,de,verb,/ˈfɪçt/,ʏp,ϕʏp,faint
72,lowly,en,adjective,/ˈɫoʊɫi/,oʊy,oʊy,lowly,优异,zh-cn,verb,/joʊ˥˥ i˥˩/,oʊy,oʊy,Excellent
83,粗い,ja,adjective,/aɾai/,ɶɶy,ɶɶy,rough,아가리,ko,noun,/a̠ɡa̠ɾi/,ɶɶy,ɶɶy,Arriol
89,cater,en,verb,/ˈkeɪtɝ/,øʏp,pøʏp,cater,Kehricht,de,noun,/ˈkeɾɪçt/,øʏp,pøʏp,Wet
6,渗出,zh-cn,verb,/ʂən˥˩ ʈʂʰu˥˥/,əmu,əmu,Exude,gumshoe,en,noun,/ˈɡəmˌʃu/,əmu,əmu,gumshoe
14,住む,ja,verb,/sɯmɯ/,uu,ϕumu,live,구물,ko,noun,/kumuɭ/,uu,pumu,Trees
25,기호,ko,verb,/kiβo̞/,yo,pyβo,sign,ヴィーヴォ,ja,noun,/viːvo/,yo,βyβo,Vivo
28,creak,en,verb,/ˈkɹik/,pyp,pyp,creak,chip,es,verb,/tʃip/,pyp,pyp,chip
43,青い,ja,adjective,/aoi/,ɶoy,ɶoy,blue,알로기,ko,noun,/a̠ɭɭo̞ɡi/,ɶoy,ɶoy,Aliol
49,모일,ko,verb,/mo̞iɭ/,oy,moy,Meal,moși,ro,adjective,/moʃi/,oy,moy,dawdle
51,메모,ko,verb,/me̞mo̞/,øo,mømo,memo,beno,eo,noun,/beno/,øo,bømo,Blessing
55,cabal,en,adjective,/kəˈbɑɫ/,əɑ,pəbɒ,cabal,Gerda,de,noun,/gəˈɾdɑ/,əɑ,bəbɒ,Gerda
59,punch,en,verb,/ˈpəntʃ/,əmp,pəmp,punch,bănci,ro,noun,/bəntʃʲ/,əmp,bəmp,bed
86,kaya,id,adjective,/kaja/,ɶɶ,pɶɶ,rich,大厦,zh-cn,noun,/ta˥˩ ʂa˥˩/,ɶɶ,pɶɶ,building
100,리드,ko,verb,/ɾidɯ/,yu,ybu,lead,ibu,id,noun,/ibu/,yu,ybu,mother
101,führt,de,verb,/ˈfyɾt/,yp,ϕyp,leads,fit,id,noun,/fit/,yp,ϕyp,Fit
10,焼く,ja,verb,/jakɯ/,ɶu,ɶpu,Bake,acuși,ro,verb,/akuʃʲ/,ɶu,ɶpu,acus
30,青い,ja,adjective,/aoi/,ɶoy,ɶoy,blue,알로기,ko,noun,/a̠ɭɭo̞ɡi/,ɶoy,ɶoy,Aliol
45,finer,en,adjective,/ˈfaɪnɝ/,ɶʏm,ϕɶʏm,finer,dein,de,noun,/daɪ̯n/,ɶʏm,bɶʏm,your
51,青い,ja,adjective,/aoi/,ɶoy,ɶoy,blue,알로기,ko,noun,/a̠ɭɭo̞ɡi/,ɶoy,ɶoy,Aliol
53,違う,ja,verb,/tagaɯ/,ɶɶu,pɶbɶu,Wrong,다다구,ko,noun,/ta̠da̠ɡu/,ɶɶu,pɶbɶu,Get it
55,wandert,de,verb,/ˈvandɛɾt/,ɶmœp,βɶmbœp,migrating,단백,ko,noun,/ta̠nbɛ̝k̚/,ɶmœp,pɶmbœp,Protein
56,sprüht,de,verb,/ˈʃpɾyt/,pyp,pyp,spray,cheap,en,adjective,/ˈtʃip/,pyp,pyp,cheap
78,known,en,verb,/ˈnoʊn/,oʊm,moʊm,known,各种,zh-cn,adjective,/kɤ˥˩ ʈʂʊŋ˨˩˦/,oʊm,poʊm,Various
80,덫,ko,adjective,/tʌ̹t̚/,ɔp,pɔp,trap,calk,en,noun,/ˈkɔk/,ɔp,pɔp,calk
95,atas,id,adjective,/atas/,ɶɶϕ,ɶpɶϕ,on,arcas,es,noun,/aɾkas/,ɶɶϕ,ɶpɶϕ,ARCAS.
117,gaudy,en,adjective,/ˈɡɔdi/,ɔy,ɔby,gaudy,여디,ko,noun,/jʌ̹di/,ɔy,ɔby,Sagi
118,kode,id,verb,/kodə/,oə,pobə,code,dobă,ro,verb,/dobə/,oə,bobə,Doba
120,陰気,ja,adjective,/iɴki/,yy,ypy,Violent,ŝipi,eo,verb,/ʃipi/,yy,ypy,to ship
3,고약,ko,verb,/ko̞ja̠k̚/,oɶp,poɶp,salve,bogat,ro,adjective,/boɡat/,oɶp,boɶp,rich
13,wol,id,verb,/wol/,ol,rol,wool,hol,ro,noun,/hol/,ol,rol,hall
15,끈,ko,verb,/k͈ɯn/,pum,pum,string,cung,id,verb,/tʃuŋ/,pum,pum,laddie
25,不安,zh-cn,verb,/pu˥˩ an˥˥/,uɶm,puɶm,disturbed,구간,ko,noun,/kuɡa̠n/,uɶm,puɶm,section
30,tease,en,verb,/ˈtiz/,yβ,pyβ,tease,Kiew,de,noun,/ˈkiːv/,yβ,pyβ,Kiev
35,住む,ja,verb,/sɯmɯ/,uu,ϕumu,live,구물,ko,noun,/kumuɭ/,uu,pumu,Trees
37,焼く,ja,verb,/jakɯ/,ɶu,ɶpu,Bake,acuși,ro,verb,/akuʃʲ/,ɶu,ɶpu,acus
40,張り合う,ja,verb,/haɾiaɯ/,ɶyɶu,rɶyɶu,compete,adiaŭ,eo,noun,/adiau/,ɶyɶu,ɶbyɶu,Goodbye
42,leafy,en,adjective,/ˈɫifi/,yy,yϕy,leafy,玉玺,zh-cn,noun,/y˥˩ ɕi˨˩˦/,yy,yϕy,Imperial jade seal
45,milch,en,verb,/ˈmɪɫtʃ/,ʏp,mʏp,milch,Mick,de,noun,/ˈmɪk/,ʏp,mʏp,Mick
46,atas,id,adjective,/atas/,ɶɶϕ,ɶpɶϕ,on,arcas,es,noun,/aɾkas/,ɶɶϕ,ɶpɶϕ,ARCAS.
52,kau,id,adjective,/kau/,ɶu,pɶu,you,가구,ko,noun,/ka̠ɡu/,ɶu,pɶu,furniture
62,techy,en,adjective,/ˈtɛtʃi/,œpy,pœpy,techy,대피,ko,noun,/tɛ̝pʰi/,œpy,pœpy,evacuation
65,wooed,en,adjective,/ˈwud/,ub,rub,wooed,rugi,ro,,/rudʒʲ/,ub,rub,supplications
68,감기,ko,adjective,/ka̠mɡi/,ɶmy,pɶmy,cold,含义,zh-cn,noun,/xan˧˥ i˥˩/,ɶmy,ϕɶmy,meaning
78,known,en,verb,/ˈnoʊn/,oʊm,moʊm,known,Bohrung,de,noun,/ˈboːʀʊŋ/,oʊm,boʊm,drilling
81,dummy,en,adjective,/ˈdəmi/,əy,bəmy,dummy,răni,ro,noun,/rəni/,əy,rəmy,wound
1,青い,ja,adjective,/aoi/,ɶoy,ɶoy,blue,알로기,ko,noun,/a̠ɭɭo̞ɡi/,ɶoy,ɶoy,Aliol
4,偷,zh-cn,verb,/tʰoʊ˥˥/,poʊ,poʊ,steal,cho,en,verb,/ˈtʃoʊ/,poʊ,poʊ,cho
8,batu,id,verb,/batu/,ɶu,bɶpu,stone,Akku,de,noun,/ˈʔaku/,ɶu,bɶpu,battery pack
10,도료,ko,adjective,/to̞ɾjo/,oo,poo,varnish,koŝo,eo,noun,/koʃo/,oo,poo,Kock
11,weckt,de,verb,/ˈvɛkt/,œpp,βœpp,arouse,becht,en,noun,/ˈbɛkt/,œpp,bœpp,becht
22,偷,zh-cn,verb,/tʰoʊ˥˥/,poʊ,poʊ,steal,cho,en,verb,/ˈtʃoʊ/,poʊ,poʊ,cho
27,青い,ja,adjective,/aoi/,ɶoy,ɶoy,blue,알로기,ko,noun,/a̠ɭɭo̞ɡi/,ɶoy,ɶoy,Aliol
40,sah,id,adjective,/sah/,ɶr,ϕɶr,legitimate,far,ro,noun,/far/,ɶr,ϕɶr,lighthouse
45,weeps,en,verb,/ˈwips/,ypϕ,rypϕ,weeps,bits,es,noun,/bits/,ypϕ,bypϕ,bits
49,weldy,en,adjective,/ˈwɛɫdi/,œy,rœby,weldy,Teddy,de,noun,/ˈtɛdy/,œy,pœby,Teddy
53,weigh,en,verb,/ˈweɪ/,øʏ,røʏ,weigh,为,zh-cn,verb,/weɪ˥˩/,øʏ,røʏ,for
55,pesi,eo,verb,/pesi/,øy,pøϕy,weighs,sési,id,noun,/sesi/,øy,ϕøϕy,session
58,무늬,ko,adjective,/muni/,uy,mumy,pattern,Uni,de,noun,/ˈʔuːni/,uy,bumy,University
60,weldy,en,adjective,/ˈwɛɫdi/,œy,rœby,weldy,Teddy,de,noun,/ˈtɛdy/,œy,pœby,Teddy
79,warnt,de,verb,/ˈvaɾnt/,ɶmp,βɶmp,warning,kamp,id,noun,/kamp/,ɶmp,pɶmp,camp
82,mealy,en,adjective,/ˈmiɫi/,yy,myy,mealy,ミリ,ja,noun,/miɾi/,yy,myy,Millimeter
85,beech,en,verb,/ˈbitʃ/,yp,byp,beech,Dieb,de,noun,/ˈdiːp/,yp,byp,Thief
86,fago,eo,verb,/fago/,ɶo,ϕɶbo,There is,가도,ko,noun,/ka̠do̞/,ɶo,pɶbo,street
90,known,en,verb,/ˈnoʊn/,oʊm,moʊm,known,各种,zh-cn,adjective,/kɤ˥˩ ʈʂʊŋ˨˩˦/,oʊm,poʊm,Various
95,粘贴,zh-cn,verb,/ʈʂan˥˥ tʰjɛ˥˥/,ɶmpœ,ɶmpœ,Paste,암캐,ko,noun,/a̠mkʰɛ̝/,ɶmpœ,ɶmpœ,bitch
102,barra,en,verb,/ˈbɑɹə/,ɑə,bɒə,barra,Bahre,de,adjective,/ˈbɑɾə/,ɑə,bɒə,stretcher
103,青い,ja,adjective,/aoi/,ɶoy,ɶoy,blue,알로기,ko,noun,/a̠ɭɭo̞ɡi/,ɶoy,ɶoy,Aliol
105,부리,ko,adjective,/puɾi/,uy,puy,beak,不渝,zh-cn,verb,/pu˥˩ y˧˥/,uy,puy,Not
108,미라,ko,adjective,/miɾa̠/,yɶ,myɶ,Mummy,ニラ,ja,noun,/niɾa/,yɶ,myɶ,Leek
112,rhone,en,verb,/ˈɹoʊn/,oʊm,oʊm,rhone,折中,zh-cn,adjective,/ʈʂɤ˧˥ ʈʂʊŋ˥˥/,oʊm,oʊm,compromise
114,siap,id,adjective,/siap/,yɶp,ϕyɶp,Ready,Tierart,de,noun,/ˈtiːɾaɾt/,yɶp,pyɶp,Species
115,ready,en,adjective,/ˈɹɛdi/,œy,œby,ready,애비,ko,noun,/ɛ̝bi/,œy,œby,Abby
119,write,en,verb,/ˈɹaɪt/,ɶʏp,ɶʏp,write,Scheit,de,noun,/ʃaɪ̯t/,ɶʏp,ɶʏp,Spite
8,sah,id,adjective,/sah/,ɶr,ϕɶr,legitimate,far,ro,noun,/far/,ɶr,ϕɶr,lighthouse
12,known,en,verb,/ˈnoʊn/,oʊm,moʊm,known,各种,zh-cn,adjective,/kɤ˥˩ ʈʂʊŋ˨˩˦/,oʊm,poʊm,Various
17,usurp,en,verb,/ˌjuˈsɝp/,uϕp,uϕp,usurp,ruft,de,verb,/ʀuːft/,uϕp,uϕp,calls
36,tilde,en,verb,/ˈtɪɫdə/,ʏə,pʏbə,tilde,Bürde,de,noun,/ˈbʏɾdə/,ʏə,bʏbə,burden
43,发生,zh-cn,verb,/fa˥˥ ʂɤŋ˥˥/,ɶom,ϕɶom,occur,Baron,de,noun,/ˈbaɽoːn/,ɶom,bɶom,baron
45,브롬,ko,verb,/pɯɾo̞m/,uom,puom,bromine,bușon,ro,noun,/buʃon/,uom,buom,plug
47,bucky,en,adjective,/ˈbəki/,əy,bəpy,bucky,beti,id,noun,/bəti/,əy,bəpy,Beti
48,버리,ko,adjective,/pʌ̹ɾi/,ɔy,pɔy,Controids,博弈,zh-cn,noun,/pɔ˧˥ i˥˩/,ɔy,pɔy,Game
60,邪恶,zh-cn,verb,/ɕjɛ˧˥ ɤ˥˩/,ϕœo,ϕœo,evil,새로,ko,adjective,/sʰɛ̝ɾo̞/,ϕœo,ϕœo,New
83,bau,id,verb,/bau/,ɶu,bɶu,smell,baŭ,eo,verb,/bau/,ɶu,bɶu,ba
91,slava,en,adjective,/ˈsɫɑvə/,ϕɑə,ϕɒβə,slava,Phrase,de,noun,/ˈfɾɑːzə/,ϕɑə,ϕɒβə,phrase
93,bau,id,verb,/bau/,ɶu,bɶu,smell,baŭ,eo,verb,/bau/,ɶu,bɶu,ba
95,闻,zh-cn,verb,/uən˧˥/,uəm,uəm,smell,ruhen,de,verb,/ˈʀuːən/,uəm,uəm,rest
96,dwelt,en,verb,/ˈdwɛɫt/,bœp,brœp,dwelt,brecht,de,verb,/ˈbrɛçt/,bœp,brœp,Brecht
106,reeks,en,verb,/ˈɹiks/,ypϕ,ypϕ,reeks,iț,ro,noun,/its/,ypϕ,ypϕ,IT
111,邪恶,zh-cn,verb,/ɕjɛ˧˥ ɤ˥˩/,ϕœo,ϕœo,evil,새로,ko,adjective,/sʰɛ̝ɾo̞/,ϕœo,ϕœo,New
2,known,en,verb,/ˈnoʊn/,oʊm,moʊm,known,Bohrung,de,noun,/ˈboːʀʊŋ/,oʊm,boʊm,drilling
4,青い,ja,adjective,/aoi/,ɶoy,ɶoy,blue,알로기,ko,noun,/a̠ɭɭo̞ɡi/,ɶoy,ɶoy,Aliol
5,borne,en,verb,/ˈbɔɹn/,ɔm,bɔm,borne,Gong,de,noun,/ˈgɔŋ/,ɔm,bɔm,gong
12,하하,ko,verb,/ha̠ɦa̠/,ɶɶ,rɶɶ,haha,はん濫,ja,noun,/haɴɾaɴ/,ɶɶ,rɶɶ,Bug
17,logi,eo,verb,/logi/,oy,loby,To log,dodii,ro,noun,/dodij/,oy,boby,tongues
19,미끼,ko,verb,/mik͈i/,ypy,mypy,bait,huichí,es,noun,/wiˈtʃi/,ypy,rypy,Huichí.
21,usurp,en,verb,/ˌjuˈsɝp/,uϕp,uϕp,usurp,ruft,de,verb,/ʀuːft/,uϕp,uϕp,calls
29,绫,zh-cn,verb,/lɪŋ˧˥/,ʏm,lʏm,Thin silk,schlimm,de,,/ʃlɪm/,ʏm,lʏm,bad
35,거미,ko,adjective,/kʌ̹mi/,ɔy,pɔmy,Spider,Pony,de,noun,/ˈpɔni/,ɔy,pɔmy,pony
39,doffs,en,verb,/ˈdɔfs/,ɔϕϕ,bɔϕϕ,doffs,Hofs,de,noun,/ˈhɔfs/,ɔϕϕ,rɔϕϕ,Farm
44,脊,zh-cn,verb,/tɕi˧˥/,py,pϕy,ridge,ți,ro,noun,/tsi/,py,pϕy,and
47,known,en,verb,/ˈnoʊn/,oʊm,moʊm,known,Bohrung,de,noun,/ˈboːʀʊŋ/,oʊm,boʊm,drilling
58,태아,ko,adjective,/tʰɛ̝a̠/,pœɶ,pœɶ,fetus,铁叉,zh-cn,noun,/tʰjɛ˨˩˦ ʈʂʰa˥˥/,pœɶ,pœɶ,Iron fork
66,sunny,en,adjective,/ˈsəni/,əy,ϕəmy,sunny,răni,ro,noun,/rəni/,əy,rəmy,wound
67,hoops,en,verb,/ˈhups/,upϕ,rupϕ,hoops,tuts,id,noun,/tuts/,upϕ,pupϕ,keys
74,cuter,en,adjective,/ˈkjutɝ/,pup,pup,cuter,cup,id,noun,/tʃup/,pup,pup,Cup
79,루트,ko,verb,/ɾutʰɯ/,upu,upu,root,うっぷ,ja,noun,/ɯpːɯ/,upu,upu,Puff
81,hench,en,verb,/ˈhɛntʃ/,œmp,rœmp,hench,Camp,de,noun,/kɛmp/,œmp,pœmp,Camp
83,known,en,verb,/ˈnoʊn/,oʊm,moʊm,known,各种,zh-cn,adjective,/kɤ˥˩ ʈʂʊŋ˨˩˦/,oʊm,poʊm,Various
84,watch,en,verb,/ˈwɑtʃ/,ɑp,rɒp,watch,Hab,de,noun,/ˈhɑːp/,ɑp,rɒp,Have
90,sease,en,verb,/ˈsiz/,yβ,ϕyβ,sease,Cid,es,verb,/θið/,yβ,ϕyβ,Cid.
92,青い,ja,adjective,/aoi/,ɶoy,ɶoy,blue,알로기,ko,noun,/a̠ɭɭo̞ɡi/,ɶoy,ɶoy,Aliol
99,spurt,en,verb,/ˈspɝt/,ϕpp,ϕpp,spurt,ftp,de,verb,/ˈftp/,ϕpp,ϕpp,FTP
5,haunt,en,verb,/ˈhɔnt/,ɔmp,rɔmp,haunt,Fond,de,noun,/ˈfɔnt/,ɔmp,ϕɔmp,Fond
15,똥,ko,adjective,/t͈o̞ŋ/,pom,pom,shit,pión,es,noun,/ˈpjon/,pom,pom,Pion
23,고름,ko,verb,/ko̞ɾɯm/,oum,poum,pus,quórum,es,verb,/ˈkoɾum/,oum,poum,quorum
25,shown,en,verb,/ˈʃoʊn/,oʊm,oʊm,shown,折中,zh-cn,adjective,/ʈʂɤ˧˥ ʈʂʊŋ˥˥/,oʊm,oʊm,compromise
30,bulky,en,adjective,/ˈbəɫki/,əy,bəpy,bulky,Gespür,de,noun,/gəˈʃpyːɾ/,əy,bəpy,flair
32,dika,eo,adjective,/dika/,yɶ,bypɶ,thick,Vikar,de,noun,/viˈkaɽ/,yɶ,βypɶ,Vicar
39,nada,id,verb,/nada/,ɶɶ,mɶbɶ,tone,baba,ro,noun,/baba/,ɶɶ,bɶbɶ,crone
42,looks,en,verb,/ˈɫʊks/,ʊpϕ,ʊpϕ,looks,Rucks,de,noun,/ˈɾʊks/,ʊpϕ,ʊpϕ,Jolt
43,외모,ko,verb,/ø̞mo̞/,øo,ømo,look,heno,es,adjective,/eno/,øo,ømo,hay
50,manis,id,adjective,/manis/,ɶyϕ,mɶmyϕ,sweet,barniz,es,verb,/baɾniθ/,ɶyϕ,bɶmyϕ,varnish
53,단,ko,adjective,/ta̠n/,ɶm,pɶm,only,pam,ro,noun,/pam/,ɶm,pɶm,WFP
54,유무,ko,verb,/jumu/,uu,umu,The presence or absence,叔母,zh-cn,noun,/ʂu˥˥ mu˨˩˦/,uu,umu,aunt
63,skeel,en,verb,/ˈskiɫ/,ϕy,ϕpy,skeel,ski,id,noun,/ski/,ϕy,ϕpy,Ski
67,weeny,en,verb,/ˈwini/,yy,rymy,weeny,fini,eo,noun,/fini/,yy,ϕymy,Finish
69,蹲,zh-cn,verb,/tuən˥˥/,uəm,puəm,squat,buhen,de,verb,/ˈbuːən/,uəm,buəm,saw
75,inert,en,adjective,/ˌɪˈnɝt/,ʏmp,ʏmp,inert,ringt,de,verb,/ˈɾɪŋt/,ʏmp,ʏmp,wrinkled
77,青い,ja,adjective,/aoi/,ɶoy,ɶoy,blue,알로기,ko,noun,/a̠ɭɭo̞ɡi/,ɶoy,ɶoy,Aliol
79,青い,ja,adjective,/aoi/,ɶoy,ɶoy,blue,알로기,ko,noun,/a̠ɭɭo̞ɡi/,ɶoy,ɶoy,Aliol
94,기한,ko,verb,/kiɦa̠n/,yɶm,pyɶm,deadline,biang,id,noun,/biaŋ/,yɶm,byɶm,Prevere
95,known,en,verb,/ˈnoʊn/,oʊm,moʊm,known,各种,zh-cn,adjective,/kɤ˥˩ ʈʂʊŋ˨˩˦/,oʊm,poʊm,Various
9,luar,id,adjective,/luar/,uɶr,luɶr,Outside,fugar,ro,noun,/fuɡar/,uɶr,ϕuɶr,fugitive
10,leavy,en,adjective,/ˈɫivi/,yy,yβy,leavy,ivi,ro,,/ivi/,yy,yβy,IVI.
14,반란,ko,verb,/pa̠ɭɭa̠n/,ɶɶm,pɶɶm,Rebellion,baian,ro,noun,/bajan/,ɶɶm,bɶɶm,Baiana
19,괴물,ko,verb,/kø̞muɭ/,øu,pømu,monster,ゲーム,ja,noun,/geːmɯ/,øu,bømu,game
24,huffy,en,adjective,/ˈhəfi/,əy,rəϕy,huffy,besi,id,noun,/bəsi/,əy,bəϕy,iron
35,青い,ja,adjective,/aoi/,ɶoy,ɶoy,blue,알로기,ko,noun,/a̠ɭɭo̞ɡi/,ɶoy,ɶoy,Aliol
40,known,en,verb,/ˈnoʊn/,oʊm,moʊm,known,各种,zh-cn,adjective,/kɤ˥˩ ʈʂʊŋ˨˩˦/,oʊm,poʊm,Various
44,stern,en,adjective,/ˈstɝn/,ϕpm,ϕpm,stern,stn,ro,noun,/stn/,ϕpm,ϕpm,stn.
49,picks,en,verb,/ˈpɪks/,ʏpϕ,pʏpϕ,picks,Dirks,de,noun,/ˈdɪɾks/,ʏpϕ,bʏpϕ,Dirks
52,強引,ja,adjective,/goɯiɴ/,ouy,bouy,Forgery,볼룩이,ko,noun,/po̞ɭɭuɡi/,ouy,pouy,Bonke
53,rubel,en,verb,/ˈɹubəɫ/,uə,ubə,rubel,gubă,ro,noun,/ɡubə/,uə,ubə,Guba
57,liar,id,adjective,/liar/,yɶr,lyɶr,wild,miar,ro,adjective,/mijar/,yɶr,myɶr,grand
58,feral,en,adjective,/ˈfɛɹəɫ/,œə,ϕœə,feral,fächre,de,verb,/ˈfɛçɾə/,œə,ϕœə,fan
64,known,en,verb,/ˈnoʊn/,oʊm,moʊm,known,Bohrung,de,noun,/ˈboːʀʊŋ/,oʊm,boʊm,drilling
68,비누,ko,adjective,/pinu/,yu,pymu,soap,地亩,zh-cn,verb,/ti˥˩ mu˨˩˦/,yu,pymu,Acre
76,触碰,zh-cn,verb,/ʈʂʰu˥˩ pʰɤŋ˥˩/,upom,upom,Touch,류통,ko,noun,/ɾjutʰo̞ŋ/,upom,upom,Ryuton
79,touch,en,verb,/ˈtətʃ/,əp,pəp,touch,kep,id,noun,/kəp/,əp,pəp,Kep.
83,보류,ko,verb,/po̞ɾju/,ou,pou,Hold,得主,zh-cn,noun,/tɤ˧˥ ʈʂu˨˩˦/,ou,pou,Winner
89,feral,en,adjective,/ˈfɛɹəɫ/,œə,ϕœə,feral,fächre,de,verb,/ˈfɛçɾə/,œə,ϕœə,fan
90,liar,id,adjective,/liar/,yɶr,lyɶr,wild,miar,ro,adjective,/mijar/,yɶr,myɶr,grand
93,塞,zh-cn,verb,/saɪ˥˥/,ɶʏ,ϕɶʏ,Plug,cy,en,noun,/ˈsaɪ/,ɶʏ,ϕɶʏ,cy
94,摆,zh-cn,verb,/paɪ˨˩˦/,ɶʏ,pɶʏ,put,cai,en,noun,/ˈkaɪ/,ɶʏ,pɶʏ,cai
101,tardy,en,adjective,/ˈtɑɹdi/,ɑy,pɒby,tardy,Kadi,de,noun,/ˈkɑːdi/,ɑy,pɒby,Kadi
110,luar,id,adjective,/luar/,uɶr,luɶr,Outside,fugar,ro,noun,/fuɡar/,uɶr,ϕuɶr,fugitive
113,start,en,verb,/ˈstɑɹt/,ϕɑp,ϕpɒp,start,Skat,de,noun,/ˈskɑːt/,ϕɑp,ϕpɒp,Skat
7,ŝvebi,eo,verb,/ʃvebi/,øy,βøby,hover,bébi,id,noun,/bebi/,øy,bøby,Bébi.
9,흙,ko,verb,/xɯk̚/,up,ϕup,soil,sup,id,noun,/sup/,up,ϕup,soup
10,corse,en,verb,/ˈkɔɹs/,ɔϕ,pɔϕ,corse,Koch,de,noun,/kɔχ/,ɔϕ,pɔϕ,cook
14,tease,en,verb,/ˈtiz/,yβ,pyβ,tease,Kiew,de,noun,/ˈkiːv/,yβ,pyβ,Kiev
20,rando,eo,verb,/rando/,ɶmo,rɶmbo,edge,bando,id,noun,/bando/,ɶmo,bɶmbo,Headbands
26,known,en,verb,/ˈnoʊn/,oʊm,moʊm,known,Bohrung,de,noun,/ˈboːʀʊŋ/,oʊm,boʊm,drilling
28,tuned,en,verb,/ˈtund/,umb,pumb,tuned,bumb,ro,noun,/bumb/,umb,bumb,Bumble
32,known,en,verb,/ˈnoʊn/,oʊm,moʊm,known,各种,zh-cn,adjective,/kɤ˥˩ ʈʂʊŋ˨˩˦/,oʊm,poʊm,Various
42,青い,ja,adjective,/aoi/,ɶoy,ɶoy,blue,알로기,ko,noun,/a̠ɭɭo̞ɡi/,ɶoy,ɶoy,Aliol
47,kaya,id,adjective,/kaja/,ɶɶ,pɶɶ,rich,caia,ro,noun,/kaja/,ɶɶ,pɶɶ,hobnail
50,known,en,verb,/ˈnoʊn/,oʊm,moʊm,known,各种,zh-cn,adjective,/kɤ˥˩ ʈʂʊŋ˨˩˦/,oʊm,poʊm,Various
53,built,en,verb,/ˈbɪɫt/,ʏp,bʏp,built,Bit,de,noun,/bɪt/,ʏp,bʏp,bit
56,known,en,verb,/ˈnoʊn/,oʊm,moʊm,known,Bohrung,de,noun,/ˈboːʀʊŋ/,oʊm,boʊm,drilling
61,moric,en,adjective,/ˈmɔɹɪk/,ɔʏp,mɔʏp,moric,Deut,de,noun,/dɔʏ̯t/,ɔʏp,bɔʏp,Mean
62,spell,en,verb,/ˈspɛɫ/,ϕœ,ϕpœ,spell,Sketsch,de,,/ˈskɛʧ/,ϕœ,ϕpœ,Socket
72,malu,id,adjective,/malu/,ɶu,mɶlu,shy,大陆,zh-cn,noun,/ta˥˩ lu˥˩/,ɶu,pɶlu,mainland
80,卖,zh-cn,verb,/maɪ˥˩/,ɶʏ,mɶʏ,Sell,mai,en,noun,/ˈmaɪ/,ɶʏ,mɶʏ,mai
86,burek,en,verb,/ˈbɛɹɪk/,œʏp,bœʏp,burek,Stechschritt,de,noun,/ˈʃtɛçʃɾɪt/,œʏp,pœʏp,Lancing step
88,keech,en,verb,/ˈkitʃ/,yp,pyp,keech,Kit,de,noun,/ˈkiːt/,yp,pyp,Kit
111,모의,ko,adjective,/mo̞ɰi/,oy,moy,imitation,moși,ro,adjective,/moʃi/,oy,moy,dawdle
114,picks,en,verb,/ˈpɪks/,ʏpϕ,pʏpϕ,picks,Dirks,de,noun,/ˈdɪɾks/,ʏpϕ,bʏpϕ,Dirks
118,lowly,en,adjective,/ˈɫoʊɫi/,oʊy,oʊy,lowly,优异,zh-cn,verb,/joʊ˥˥ i˥˩/,oʊy,oʊy,Excellent
6,틈,ko,adjective,/tʰɯm/,pum,pum,aperture,cung,id,verb,/tʃuŋ/,pum,pum,laddie
7,bevil,en,adjective,/ˈbɛvəɫ/,œə,bœβə,bevil,Käse,de,noun,/kɛːzə/,œə,pœβə,cheese
12,똥,ko,adjective,/t͈o̞ŋ/,pom,pom,shit,pión,es,noun,/ˈpjon/,pom,pom,Pion
28,불안,ko,verb,/puɾa̠n/,uɶm,puɶm,unrest,curan,es,verb,/kuɾan/,uɶm,puɶm,cure
38,weicht,de,verb,/ˈvaeçt/,ɶøp,βɶøp,giving away,caiet,ro,noun,/kajet/,ɶøp,pɶøp,TENDER
62,vomi,eo,verb,/vomi/,oy,βomy,vomit,もみ,ja,noun,/momi/,oy,momy,Murder
82,부두,ko,verb,/pudu/,uu,pubu,Wharf,bubu,id,noun,/bubu/,uu,bubu,Bubu.
93,青い,ja,adjective,/aoi/,ɶoy,ɶoy,blue,알로기,ko,noun,/a̠ɭɭo̞ɡi/,ɶoy,ɶoy,Aliol
98,anodo,eo,adjective,/anodo/,ɶoo,ɶmobo,Anode,a-go-go,id,verb,/a-go-go/,ɶoo,ɶbobo,a-go-go
101,吹,zh-cn,verb,/ʈʂʰweɪ˥˥/,øʏ,røʏ,blow,erway,en,noun,/ˈɝˌweɪ/,øʏ,røʏ,erway
4,青い,ja,adjective,/aoi/,ɶoy,ɶoy,blue,알로기,ko,noun,/a̠ɭɭo̞ɡi/,ɶoy,ɶoy,Aliol
9,morse,en,verb,/ˈmɔɹs/,ɔϕ,mɔϕ,morse,noch,de,,/nɔx/,ɔϕ,mɔϕ,still
39,耕,zh-cn,verb,/kɤŋ˥˥/,om,pom,Plow,kong,id,noun,/koŋ/,om,pom,Kong.
46,goyah,id,adjective,/gojah/,oɶr,boɶr,Shaky,boșar,ro,noun,/boʃar/,oɶr,boɶr,Bosar
48,gaunt,en,verb,/ˈɡɔnt/,ɔmp,ɔmp,gaunt,schont,de,verb,/ˈʃɔnt/,ɔmp,ɔmp,protected
53,spülen,de,verb,/ˈʃpyːln̩/,ylm,pylm,do the washing up,film,id,noun,/film/,ylm,ϕylm,film
65,known,en,verb,/ˈnoʊn/,oʊm,moʊm,known,各种,zh-cn,adjective,/kɤ˥˩ ʈʂʊŋ˨˩˦/,oʊm,poʊm,Various
72,beeps,en,verb,/ˈbips/,ypϕ,bypϕ,beeps,bits,es,noun,/bits/,ypϕ,bypϕ,bits
74,known,en,verb,/ˈnoʊn/,oʊm,moʊm,known,各种,zh-cn,adjective,/kɤ˥˩ ʈʂʊŋ˨˩˦/,oʊm,poʊm,Various
77,gerührt,de,verb,/gəˈɾyɾt/,əyp,bəyp,touched,căit,ro,adjective,/kəit/,əyp,pəyp,repented
82,wanken,de,verb,/ˈvaŋkən/,ɶməm,βɶmpəm,waver,banteng,id,noun,/bantəŋ/,ɶməm,bɶmpəm,bull
85,寝る,ja,verb,/neɾɯ/,øu,møu,sleep,Nehru,de,noun,/ˈneɾu/,øu,møu,Nehru
86,beene,en,verb,/ˈbin/,ym,bym,beene,bin,id,noun,/bin/,ym,bym,son
88,흐린,ko,adjective,/xɯɾin/,uym,ϕuym,cloudy,suin,ro,noun,/suin/,uym,ϕuym,swine
89,muddy,en,adjective,/ˈmədi/,əy,məby,muddy,kedi,id,noun,/kədi/,əy,pəby,Kedi
94,ハーピー,ja,adjective,/haːpiː/,ɶy,rɶpy,Harpy,大地,zh-cn,noun,/ta˥˩ ti˥˩/,ɶy,pɶpy,Earth
96,兴,zh-cn,verb,/ɕɪŋ˥˥/,ʏm,ϕʏm,Be,fing,de,verb,/ˈfɪŋ/,ʏm,ϕʏm,fingering
97,known,en,verb,/ˈnoʊn/,oʊm,moʊm,known,各种,zh-cn,adjective,/kɤ˥˩ ʈʂʊŋ˨˩˦/,oʊm,poʊm,Various
4,nutty,en,adjective,/ˈnəti/,əy,məpy,nutty,beti,id,noun,/bəti/,əy,bəpy,Beti
5,pedas,id,adjective,/pədas/,əɶϕ,pəbɶϕ,spicy,bedarf,de,verb,/bədaˈɾf/,əɶϕ,bəbɶϕ,requirement
15,苎麻,zh-cn,verb,/ʈʂu˥˩ ma˧˥/,uɶ,umɶ,Ramie,guma,ro,noun,/ɡuma/,uɶ,umɶ,gum
16,rami,id,verb,/rami/,ɶy,rɶmy,hemp,가닐,ko,noun,/ka̠niɭ/,ɶy,pɶmy,Catyl
18,ticks,en,verb,/ˈtɪks/,ʏpϕ,pʏpϕ,ticks,Dirks,de,noun,/ˈdɪɾks/,ʏpϕ,bʏpϕ,Dirks
21,cease,en,verb,/ˈsis/,yϕ,ϕyϕ,cease,gis,es,verb,/xis/,yϕ,ϕyϕ,chalk
24,青い,ja,adjective,/aoi/,ɶoy,ɶoy,blue,알로기,ko,noun,/a̠ɭɭo̞ɡi/,ɶoy,ɶoy,Aliol
31,青い,ja,adjective,/aoi/,ɶoy,ɶoy,blue,알로기,ko,noun,/a̠ɭɭo̞ɡi/,ɶoy,ɶoy,Aliol
43,known,en,verb,/ˈnoʊn/,oʊm,moʊm,known,各种,zh-cn,adjective,/kɤ˥˩ ʈʂʊŋ˨˩˦/,oʊm,poʊm,Various
47,ハッピー,ja,adjective,/hapːiː/,ɶpy,rɶpy,Happy,가필,ko,verb,/ka̠pʰiɭ/,ɶpy,pɶpy,touch
53,logi,eo,verb,/logi/,oy,loby,To log,dodii,ro,noun,/dodij/,oy,boby,tongues
71,burek,en,verb,/ˈbɛɹɪk/,œʏp,bœʏp,burek,Stechschritt,de,noun,/ˈʃtɛçʃɾɪt/,œʏp,pœʏp,Lancing step
76,feign,en,adjective,/ˈfeɪn/,øʏm,ϕøʏm,feign,Göring,de,noun,/ˈgøːɾɪŋ/,øʏm,bøʏm,Gaining
81,begun,en,verb,/ˈbeɪɡən/,øʏəm,bøʏəm,begun,为人,zh-cn,verb,/weɪ˧˥ ʐən˧˥/,øʏəm,røʏəm,Be a person
84,known,en,verb,/ˈnoʊn/,oʊm,moʊm,known,Bohrung,de,noun,/ˈboːʀʊŋ/,oʊm,boʊm,drilling
98,buffy,en,adjective,/ˈbəfi/,əy,bəϕy,buffy,besi,id,noun,/bəsi/,əy,bəϕy,iron
109,무릎,ko,verb,/muɾɯp̚/,uup,muup,knee,buyut,id,verb,/bujut/,uup,buup,Buying
112,키위,ko,verb,/kçiɥi/,pyy,pyy,Kiwi,っ限り,ja,noun,/kːiɾi/,pyy,pyy,Minimal
113,무늬,ko,adjective,/muni/,uy,mumy,pattern,fumi,eo,verb,/fumi/,uy,ϕumy,smoke
